timestamp,actual,naive,seasonal_naive,mean,moving_avg,drift
2022-01-09 23:00:00,1390.75,2129.75,3762.5,2796.2914264597193,2652.657738095238,2129.5856738112834
2022-01-10 00:00:00,1208.75,2129.75,4409.5,2796.2914264597193,2652.657738095238,2129.4213476225673
2022-01-10 01:00:00,934.0,2129.75,4458.25,2796.2914264597193,2652.657738095238,2129.2570214338507
2022-01-10 02:00:00,728.25,2129.75,4439.75,2796.2914264597193,2652.657738095238,2129.092695245134
2022-01-10 03:00:00,669.5,2129.75,4493.75,2796.2914264597193,2652.657738095238,2128.928369056418
2022-01-10 04:00:00,759.0,2129.75,4156.0,2796.2914264597193,2652.657738095238,2128.7640428677014
2022-01-10 05:00:00,668.75,2129.75,3599.5,2796.2914264597193,2652.657738095238,2128.599716678985
2022-01-10 06:00:00,769.5,2129.75,3382.5,2796.2914264597193,2652.657738095238,2128.4353904902687
2022-01-10 07:00:00,879.5,2129.75,3560.0,2796.2914264597193,2652.657738095238,2128.271064301552
2022-01-10 08:00:00,881.5,2129.75,3393.25,2796.2914264597193,2652.657738095238,2128.1067381128355
2022-01-10 09:00:00,868.25,2129.75,3215.25,2796.2914264597193,2652.657738095238,2127.9424119241194
2022-01-10 10:00:00,849.5,2129.75,3409.75,2796.2914264597193,2652.657738095238,2127.778085735403
2022-01-10 11:00:00,815.75,2129.75,3356.25,2796.2914264597193,2652.657738095238,2127.613759546686
2022-01-10 12:00:00,782.25,2129.75,2870.5,2796.2914264597193,2652.657738095238,2127.44943335797
2022-01-10 13:00:00,810.0,2129.75,2390.75,2796.2914264597193,2652.657738095238,2127.2851071692535
2022-01-10 14:00:00,813.5,2129.75,2151.75,2796.2914264597193,2652.657738095238,2127.120780980537
2022-01-10 15:00:00,871.5,2129.75,1946.25,2796.2914264597193,2652.657738095238,2126.9564547918208
2022-01-10 16:00:00,914.5,2129.75,1978.75,2796.2914264597193,2652.657738095238,2126.792128603104
2022-01-10 17:00:00,983.75,2129.75,2045.25,2796.2914264597193,2652.657738095238,2126.6278024143876
2022-01-10 18:00:00,1172.0,2129.75,2294.0,2796.2914264597193,2652.657738095238,2126.4634762256715
2022-01-10 19:00:00,1363.75,2129.75,2366.25,2796.2914264597193,2652.657738095238,2126.299150036955
2022-01-10 20:00:00,1426.25,2129.75,2315.0,2796.2914264597193,2652.657738095238,2126.1348238482383
2022-01-10 21:00:00,1315.0,2129.75,2205.5,2796.2914264597193,2652.657738095238,2125.970497659522
2022-01-10 22:00:00,1404.25,2129.75,2129.75,2796.2914264597193,2652.657738095238,2125.8061714708056
2022-01-10 23:00:00,1763.75,2129.75,1390.75,2796.2914264597193,2652.657738095238,2125.641845282089
2022-01-11 00:00:00,2032.25,2129.75,1208.75,2796.2914264597193,2652.657738095238,2125.477519093373
2022-01-11 01:00:00,2090.5,2129.75,934.0,2796.2914264597193,2652.657738095238,2125.3131929046563
2022-01-11 02:00:00,2272.5,2129.75,728.25,2796.2914264597193,2652.657738095238,2125.1488667159397
2022-01-11 03:00:00,2793.75,2129.75,669.5,2796.2914264597193,2652.657738095238,2124.9845405272235
2022-01-11 04:00:00,3235.0,2129.75,759.0,2796.2914264597193,2652.657738095238,2124.820214338507
2022-01-11 05:00:00,3634.75,2129.75,668.75,2796.2914264597193,2652.657738095238,2124.6558881497904
2022-01-11 06:00:00,4071.0,2129.75,769.5,2796.2914264597193,2652.657738095238,2124.4915619610742
2022-01-11 07:00:00,4601.75,2129.75,879.5,2796.2914264597193,2652.657738095238,2124.3272357723577
2022-01-11 08:00:00,4553.75,2129.75,881.5,2796.2914264597193,2652.657738095238,2124.162909583641
2022-01-11 09:00:00,4845.0,2129.75,868.25,2796.2914264597193,2652.657738095238,2123.998583394925
2022-01-11 10:00:00,4974.75,2129.75,849.5,2796.2914264597193,2652.657738095238,2123.8342572062083
2022-01-11 11:00:00,4901.5,2129.75,815.75,2796.2914264597193,2652.657738095238,2123.669931017492
2022-01-11 12:00:00,4565.75,2129.75,782.25,2796.2914264597193,2652.657738095238,2123.5056048287756
2022-01-11 13:00:00,4375.25,2129.75,810.0,2796.2914264597193,2652.657738095238,2123.341278640059
2022-01-11 14:00:00,4145.5,2129.75,813.5,2796.2914264597193,2652.657738095238,2123.176952451343
2022-01-11 15:00:00,3919.75,2129.75,871.5,2796.2914264597193,2652.657738095238,2123.0126262626263
2022-01-11 16:00:00,3579.0,2129.75,914.5,2796.2914264597193,2652.657738095238,2122.8483000739097
2022-01-11 17:00:00,3084.75,2129.75,983.75,2796.2914264597193,2652.657738095238,2122.6839738851936
2022-01-11 18:00:00,2696.0,2129.75,1172.0,2796.2914264597193,2652.657738095238,2122.519647696477
2022-01-11 19:00:00,2471.75,2129.75,1363.75,2796.2914264597193,2652.657738095238,2122.3553215077604
2022-01-11 20:00:00,1788.0,2129.75,1426.25,2796.2914264597193,2652.657738095238,2122.1909953190443
2022-01-11 21:00:00,1187.25,2129.75,1315.0,2796.2914264597193,2652.657738095238,2122.0266691303277
2022-01-11 22:00:00,780.5,2129.75,1404.25,2796.2914264597193,2652.657738095238,2121.862342941611
2022-01-11 23:00:00,619.75,2129.75,1763.75,2796.2914264597193,2652.657738095238,2121.698016752895
2022-01-12 00:00:00,616.5,2129.75,2032.25,2796.2914264597193,2652.657738095238,2121.5336905641784
2022-01-12 01:00:00,949.75,2129.75,2090.5,2796.2914264597193,2652.657738095238,2121.369364375462
2022-01-12 02:00:00,773.75,2129.75,2272.5,2796.2914264597193,2652.657738095238,2121.2050381867457
2022-01-12 03:00:00,929.5,2129.75,2793.75,2796.2914264597193,2652.657738095238,2121.040711998029
2022-01-12 04:00:00,1046.0,2129.75,3235.0,2796.2914264597193,2652.657738095238,2120.8763858093125
2022-01-12 05:00:00,1071.5,2129.75,3634.75,2796.2914264597193,2652.657738095238,2120.7120596205964
2022-01-12 06:00:00,999.75,2129.75,4071.0,2796.2914264597193,2652.657738095238,2120.54773343188
2022-01-12 07:00:00,1087.0,2129.75,4601.75,2796.2914264597193,2652.657738095238,2120.383407243163
2022-01-12 08:00:00,1458.75,2129.75,4553.75,2796.2914264597193,2652.657738095238,2120.219081054447
2022-01-12 09:00:00,1698.5,2129.75,4845.0,2796.2914264597193,2652.657738095238,2120.0547548657305
2022-01-12 10:00:00,2007.0,2129.75,4974.75,2796.2914264597193,2652.657738095238,2119.890428677014
2022-01-12 11:00:00,2001.25,2129.75,4901.5,2796.2914264597193,2652.657738095238,2119.726102488298
2022-01-12 12:00:00,2289.75,2129.75,4565.75,2796.2914264597193,2652.657738095238,2119.561776299581
2022-01-12 13:00:00,2851.0,2129.75,4375.25,2796.2914264597193,2652.657738095238,2119.3974501108646
2022-01-12 14:00:00,2989.75,2129.75,4145.5,2796.2914264597193,2652.657738095238,2119.2331239221485
2022-01-12 15:00:00,3514.0,2129.75,3919.75,2796.2914264597193,2652.657738095238,2119.068797733432
2022-01-12 16:00:00,3506.0,2129.75,3579.0,2796.2914264597193,2652.657738095238,2118.9044715447153
2022-01-12 17:00:00,3588.5,2129.75,3084.75,2796.2914264597193,2652.657738095238,2118.740145355999
2022-01-12 18:00:00,4132.25,2129.75,2696.0,2796.2914264597193,2652.657738095238,2118.5758191672826
2022-01-12 19:00:00,4481.75,2129.75,2471.75,2796.2914264597193,2652.657738095238,2118.411492978566
2022-01-12 20:00:00,4575.75,2129.75,1788.0,2796.2914264597193,2652.657738095238,2118.24716678985
2022-01-12 21:00:00,4323.0,2129.75,1187.25,2796.2914264597193,2652.657738095238,2118.0828406011333
2022-01-12 22:00:00,4520.25,2129.75,780.5,2796.2914264597193,2652.657738095238,2117.9185144124167
2022-01-12 23:00:00,4978.25,2129.75,619.75,2796.2914264597193,2652.657738095238,2117.7541882237006
2022-01-13 00:00:00,5126.25,2129.75,616.5,2796.2914264597193,2652.657738095238,2117.589862034984
2022-01-13 01:00:00,5349.25,2129.75,949.75,2796.2914264597193,2652.657738095238,2117.4255358462674
2022-01-13 02:00:00,5359.75,2129.75,773.75,2796.2914264597193,2652.657738095238,2117.2612096575513
2022-01-13 03:00:00,5355.75,2129.75,929.5,2796.2914264597193,2652.657738095238,2117.0968834688347
2022-01-13 04:00:00,5411.5,2129.75,1046.0,2796.2914264597193,2652.657738095238,2116.932557280118
2022-01-13 05:00:00,5190.75,2129.75,1071.5,2796.2914264597193,2652.657738095238,2116.768231091402
2022-01-13 06:00:00,5120.75,2129.75,999.75,2796.2914264597193,2652.657738095238,2116.6039049026854
2022-01-13 07:00:00,5139.25,2129.75,1087.0,2796.2914264597193,2652.657738095238,2116.439578713969
2022-01-13 08:00:00,5328.5,2129.75,1458.75,2796.2914264597193,2652.657738095238,2116.2752525252527
2022-01-13 09:00:00,5603.75,2129.75,1698.5,2796.2914264597193,2652.657738095238,2116.110926336536
2022-01-13 10:00:00,5714.5,2129.75,2007.0,2796.2914264597193,2652.657738095238,2115.9466001478195
2022-01-13 11:00:00,5339.5,2129.75,2001.25,2796.2914264597193,2652.657738095238,2115.7822739591033
2022-01-13 12:00:00,5162.75,2129.75,2289.75,2796.2914264597193,2652.657738095238,2115.6179477703868
2022-01-13 13:00:00,5167.0,2129.75,2851.0,2796.2914264597193,2652.657738095238,2115.45362158167
2022-01-13 14:00:00,5138.0,2129.75,2989.75,2796.2914264597193,2652.657738095238,2115.289295392954
2022-01-13 15:00:00,4901.0,2129.75,3514.0,2796.2914264597193,2652.657738095238,2115.1249692042375
2022-01-13 16:00:00,4858.25,2129.75,3506.0,2796.2914264597193,2652.657738095238,2114.960643015521
2022-01-13 17:00:00,4834.0,2129.75,3588.5,2796.2914264597193,2652.657738095238,2114.7963168268047
2022-01-13 18:00:00,4927.0,2129.75,4132.25,2796.2914264597193,2652.657738095238,2114.631990638088
2022-01-13 19:00:00,4951.75,2129.75,4481.75,2796.2914264597193,2652.657738095238,2114.4676644493716
2022-01-13 20:00:00,4922.5,2129.75,4575.75,2796.2914264597193,2652.657738095238,2114.3033382606554
2022-01-13 21:00:00,5310.75,2129.75,4323.0,2796.2914264597193,2652.657738095238,2114.139012071939
2022-01-13 22:00:00,6208.75,2129.75,4520.25,2796.2914264597193,2652.657738095238,2113.9746858832223
2022-01-13 23:00:00,6568.75,2129.75,4978.25,2796.2914264597193,2652.657738095238,2113.810359694506
2022-01-14 00:00:00,6720.25,2129.75,5126.25,2796.2914264597193,2652.657738095238,2113.6460335057895
2022-01-14 01:00:00,6835.5,2129.75,5349.25,2796.2914264597193,2652.657738095238,2113.481707317073
2022-01-14 02:00:00,6592.0,2129.75,5359.75,2796.2914264597193,2652.657738095238,2113.317381128357
2022-01-14 03:00:00,6404.0,2129.75,5355.75,2796.2914264597193,2652.657738095238,2113.1530549396402
2022-01-14 04:00:00,6048.5,2129.75,5411.5,2796.2914264597193,2652.657738095238,2112.9887287509237
2022-01-14 05:00:00,5152.0,2129.75,5190.75,2796.2914264597193,2652.657738095238,2112.8244025622075
2022-01-14 06:00:00,4830.5,2129.75,5120.75,2796.2914264597193,2652.657738095238,2112.660076373491
2022-01-14 07:00:00,4944.0,2129.75,5139.25,2796.2914264597193,2652.657738095238,2112.4957501847744
2022-01-14 08:00:00,4845.75,2129.75,5328.5,2796.2914264597193,2652.657738095238,2112.331423996058
2022-01-14 09:00:00,4315.25,2129.75,5603.75,2796.2914264597193,2652.657738095238,2112.1670978073416
2022-01-14 10:00:00,3885.5,2129.75,5714.5,2796.2914264597193,2652.657738095238,2112.0027716186255
2022-01-14 11:00:00,3581.5,2129.75,5339.5,2796.2914264597193,2652.657738095238,2111.838445429909
2022-01-14 12:00:00,2863.0,2129.75,5162.75,2796.2914264597193,2652.657738095238,2111.6741192411923
2022-01-14 13:00:00,2540.25,2129.75,5167.0,2796.2914264597193,2652.657738095238,2111.509793052476
2022-01-14 14:00:00,2238.5,2129.75,5138.0,2796.2914264597193,2652.657738095238,2111.3454668637596
2022-01-14 15:00:00,2085.5,2129.75,4901.0,2796.2914264597193,2652.657738095238,2111.181140675043
2022-01-14 16:00:00,1895.25,2129.75,4858.25,2796.2914264597193,2652.657738095238,2111.016814486327
2022-01-14 17:00:00,1862.25,2129.75,4834.0,2796.2914264597193,2652.657738095238,2110.8524882976103
2022-01-14 18:00:00,1543.5,2129.75,4927.0,2796.2914264597193,2652.657738095238,2110.6881621088937
2022-01-14 19:00:00,1271.5,2129.75,4951.75,2796.2914264597193,2652.657738095238,2110.5238359201776
2022-01-14 20:00:00,1009.25,2129.75,4922.5,2796.2914264597193,2652.657738095238,2110.359509731461
2022-01-14 21:00:00,759.25,2129.75,5310.75,2796.2914264597193,2652.657738095238,2110.1951835427444
2022-01-14 22:00:00,635.25,2129.75,6208.75,2796.2914264597193,2652.657738095238,2110.0308573540283
2022-01-14 23:00:00,568.0,2129.75,6568.75,2796.2914264597193,2652.657738095238,2109.8665311653117
2022-01-15 00:00:00,496.5,2129.75,6720.25,2796.2914264597193,2652.657738095238,2109.702204976595
2022-01-15 01:00:00,474.0,2129.75,6835.5,2796.2914264597193,2652.657738095238,2109.537878787879
2022-01-15 02:00:00,433.75,2129.75,6592.0,2796.2914264597193,2652.657738095238,2109.3735525991624
2022-01-15 03:00:00,362.75,2129.75,6404.0,2796.2914264597193,2652.657738095238,2109.209226410446
2022-01-15 04:00:00,239.25,2129.75,6048.5,2796.2914264597193,2652.657738095238,2109.0449002217297
2022-01-15 05:00:00,147.5,2129.75,5152.0,2796.2914264597193,2652.657738095238,2108.880574033013
2022-01-15 06:00:00,150.5,2129.75,4830.5,2796.2914264597193,2652.657738095238,2108.7162478442965
2022-01-15 07:00:00,276.0,2129.75,4944.0,2796.2914264597193,2652.657738095238,2108.5519216555804
2022-01-15 08:00:00,439.0,2129.75,4845.75,2796.2914264597193,2652.657738095238,2108.387595466864
2022-01-15 09:00:00,786.5,2129.75,4315.25,2796.2914264597193,2652.657738095238,2108.223269278147
2022-01-15 10:00:00,1035.25,2129.75,3885.5,2796.2914264597193,2652.657738095238,2108.058943089431
2022-01-15 11:00:00,1012.0,2129.75,3581.5,2796.2914264597193,2652.657738095238,2107.8946169007145
2022-01-15 12:00:00,1012.75,2129.75,2863.0,2796.2914264597193,2652.657738095238,2107.730290711998
2022-01-15 13:00:00,1079.75,2129.75,2540.25,2796.2914264597193,2652.657738095238,2107.5659645232818
2022-01-15 14:00:00,1101.5,2129.75,2238.5,2796.2914264597193,2652.657738095238,2107.401638334565
2022-01-15 15:00:00,1166.0,2129.75,2085.5,2796.2914264597193,2652.657738095238,2107.2373121458486
2022-01-15 16:00:00,1254.5,2129.75,1895.25,2796.2914264597193,2652.657738095238,2107.0729859571325
2022-01-15 17:00:00,1506.5,2129.75,1862.25,2796.2914264597193,2652.657738095238,2106.908659768416
2022-01-15 18:00:00,1904.5,2129.75,1543.5,2796.2914264597193,2652.657738095238,2106.7443335796993
2022-01-15 19:00:00,2203.0,2129.75,1271.5,2796.2914264597193,2652.657738095238,2106.580007390983
2022-01-15 20:00:00,2577.75,2129.75,1009.25,2796.2914264597193,2652.657738095238,2106.4156812022666
2022-01-15 21:00:00,2806.25,2129.75,759.25,2796.2914264597193,2652.657738095238,2106.25135501355
2022-01-15 22:00:00,3072.25,2129.75,635.25,2796.2914264597193,2652.657738095238,2106.087028824834
2022-01-15 23:00:00,3337.25,2129.75,568.0,2796.2914264597193,2652.657738095238,2105.9227026361173
2022-01-16 00:00:00,3425.25,2129.75,496.5,2796.2914264597193,2652.657738095238,2105.7583764474007
2022-01-16 01:00:00,3298.0,2129.75,474.0,2796.2914264597193,2652.657738095238,2105.5940502586845
2022-01-16 02:00:00,3287.75,2129.75,433.75,2796.2914264597193,2652.657738095238,2105.429724069968
2022-01-16 03:00:00,3984.25,2129.75,362.75,2796.2914264597193,2652.657738095238,2105.2653978812514
2022-01-16 04:00:00,4565.75,2129.75,239.25,2796.2914264597193,2652.657738095238,2105.1010716925352
2022-01-16 05:00:00,4440.25,2129.75,147.5,2796.2914264597193,2652.657738095238,2104.9367455038187
2022-01-16 06:00:00,4257.0,2129.75,150.5,2796.2914264597193,2652.657738095238,2104.772419315102
2022-01-16 07:00:00,4914.75,2129.75,276.0,2796.2914264597193,2652.657738095238,2104.608093126386
2022-01-16 08:00:00,5355.0,2129.75,439.0,2796.2914264597193,2652.657738095238,2104.4437669376694
2022-01-16 09:00:00,4862.25,2129.75,786.5,2796.2914264597193,2652.657738095238,2104.2794407489528
2022-01-16 10:00:00,4827.5,2129.75,1035.25,2796.2914264597193,2652.657738095238,2104.1151145602366
2022-01-16 11:00:00,5930.75,2129.75,1012.0,2796.2914264597193,2652.657738095238,2103.95078837152
2022-01-16 12:00:00,5992.5,2129.75,1012.75,2796.2914264597193,2652.657738095238,2103.7864621828035
2022-01-16 13:00:00,5899.25,2129.75,1079.75,2796.2914264597193,2652.657738095238,2103.6221359940873
2022-01-16 14:00:00,5854.0,2129.75,1101.5,2796.2914264597193,2652.657738095238,2103.4578098053707
2022-01-16 15:00:00,5614.25,2129.75,1166.0,2796.2914264597193,2652.657738095238,2103.293483616654
2022-01-16 16:00:00,5328.5,2129.75,1254.5,2796.2914264597193,2652.657738095238,2103.129157427938
2022-01-16 17:00:00,5070.25,2129.75,1506.5,2796.2914264597193,2652.657738095238,2102.9648312392214
2022-01-16 18:00:00,4942.75,2129.75,1904.5,2796.2914264597193,2652.657738095238,2102.800505050505
2022-01-16 19:00:00,4391.5,2129.75,2203.0,2796.2914264597193,2652.657738095238,2102.6361788617887
2022-01-16 20:00:00,4666.0,2129.75,2577.75,2796.2914264597193,2652.657738095238,2102.471852673072
2022-01-16 21:00:00,4705.75,2129.75,2806.25,2796.2914264597193,2652.657738095238,2102.3075264843555
2022-01-16 22:00:00,4700.75,2129.75,3072.25,2796.2914264597193,2652.657738095238,2102.1432002956394
2022-01-16 23:00:00,5004.5,2129.75,3337.25,2796.2914264597193,2652.657738095238,2101.978874106923
2022-01-17 00:00:00,5302.0,2129.75,3425.25,2796.2914264597193,2652.657738095238,2101.8145479182062
2022-01-17 01:00:00,5105.25,2129.75,3298.0,2796.2914264597193,2652.657738095238,2101.65022172949
2022-01-17 02:00:00,4816.75,2129.75,3287.75,2796.2914264597193,2652.657738095238,2101.4858955407735
2022-01-17 03:00:00,4777.25,2129.75,3984.25,2796.2914264597193,2652.657738095238,2101.321569352057
2022-01-17 04:00:00,4425.0,2129.75,4565.75,2796.2914264597193,2652.657738095238,2101.157243163341
2022-01-17 05:00:00,3737.5,2129.75,4440.25,2796.2914264597193,2652.657738095238,2100.992916974624
2022-01-17 06:00:00,3891.75,2129.75,4257.0,2796.2914264597193,2652.657738095238,2100.8285907859076
2022-01-17 07:00:00,4053.75,2129.75,4914.75,2796.2914264597193,2652.657738095238,2100.6642645971915
2022-01-17 08:00:00,4772.75,2129.75,5355.0,2796.2914264597193,2652.657738095238,2100.499938408475
2022-01-17 09:00:00,4976.25,2129.75,4862.25,2796.2914264597193,2652.657738095238,2100.335612219759
2022-01-17 10:00:00,4972.75,2129.75,4827.5,2796.2914264597193,2652.657738095238,2100.171286031042
2022-01-17 11:00:00,4969.25,2129.75,5930.75,2796.2914264597193,2652.657738095238,2100.0069598423256
2022-01-17 12:00:00,4967.25,2129.75,5992.5,2796.2914264597193,2652.657738095238,2099.8426336536095
2022-01-17 13:00:00,4951.75,2129.75,5899.25,2796.2914264597193,2652.657738095238,2099.678307464893
2022-01-17 14:00:00,5229.75,2129.75,5854.0,2796.2914264597193,2652.657738095238,2099.5139812761763
2022-01-17 15:00:00,5331.0,2129.75,5614.25,2796.2914264597193,2652.657738095238,2099.34965508746
2022-01-17 16:00:00,5460.75,2129.75,5328.5,2796.2914264597193,2652.657738095238,2099.1853288987436
2022-01-17 17:00:00,5705.25,2129.75,5070.25,2796.2914264597193,2652.657738095238,2099.021002710027
2022-01-17 18:00:00,5538.0,2129.75,4942.75,2796.2914264597193,2652.657738095238,2098.856676521311
2022-01-17 19:00:00,4335.5,2129.75,4391.5,2796.2914264597193,2652.657738095238,2098.6923503325943
2022-01-17 20:00:00,3699.25,2129.75,4666.0,2796.2914264597193,2652.657738095238,2098.5280241438777
2022-01-17 21:00:00,3226.0,2129.75,4705.75,2796.2914264597193,2652.657738095238,2098.3636979551616
2022-01-17 22:00:00,3224.25,2129.75,4700.75,2796.2914264597193,2652.657738095238,2098.199371766445
2022-01-17 23:00:00,3328.75,2129.75,5004.5,2796.2914264597193,2652.657738095238,2098.0350455777284
2022-01-18 00:00:00,3292.25,2129.75,5302.0,2796.2914264597193,2652.657738095238,2097.8707193890123
2022-01-18 01:00:00,3118.0,2129.75,5105.25,2796.2914264597193,2652.657738095238,2097.7063932002957
2022-01-18 02:00:00,3059.0,2129.75,4816.75,2796.2914264597193,2652.657738095238,2097.542067011579
2022-01-18 03:00:00,2638.5,2129.75,4777.25,2796.2914264597193,2652.657738095238,2097.377740822863
2022-01-18 04:00:00,2133.0,2129.75,4425.0,2796.2914264597193,2652.657738095238,2097.2134146341464
2022-01-18 05:00:00,1542.0,2129.75,3737.5,2796.2914264597193,2652.657738095238,2097.04908844543
2022-01-18 06:00:00,967.25,2129.75,3891.75,2796.2914264597193,2652.657738095238,2096.8847622567137
2022-01-18 07:00:00,608.75,2129.75,4053.75,2796.2914264597193,2652.657738095238,2096.720436067997
2022-01-18 08:00:00,734.0,2129.75,4772.75,2796.2914264597193,2652.657738095238,2096.5561098792805
2022-01-18 09:00:00,1072.0,2129.75,4976.25,2796.2914264597193,2652.657738095238,2096.3917836905644
2022-01-18 10:00:00,1684.0,2129.75,4972.75,2796.2914264597193,2652.657738095238,2096.2274575018478
2022-01-18 11:00:00,2220.5,2129.75,4969.25,2796.2914264597193,2652.657738095238,2096.063131313131
2022-01-18 12:00:00,2627.25,2129.75,4967.25,2796.2914264597193,2652.657738095238,2095.898805124415
2022-01-18 13:00:00,2772.75,2129.75,4951.75,2796.2914264597193,2652.657738095238,2095.7344789356985
2022-01-18 14:00:00,3239.5,2129.75,5229.75,2796.2914264597193,2652.657738095238,2095.570152746982
2022-01-18 15:00:00,3079.5,2129.75,5331.0,2796.2914264597193,2652.657738095238,2095.4058265582657
2022-01-18 16:00:00,3106.25,2129.75,5460.75,2796.2914264597193,2652.657738095238,2095.241500369549
2022-01-18 17:00:00,3262.25,2129.75,5705.25,2796.2914264597193,2652.657738095238,2095.0771741808326
2022-01-18 18:00:00,3485.25,2129.75,5538.0,2796.2914264597193,2652.657738095238,2094.9128479921164
2022-01-18 19:00:00,3484.5,2129.75,4335.5,2796.2914264597193,2652.657738095238,2094.7485218034
2022-01-18 20:00:00,4429.0,2129.75,3699.25,2796.2914264597193,2652.657738095238,2094.5841956146833
2022-01-18 21:00:00,5294.5,2129.75,3226.0,2796.2914264597193,2652.657738095238,2094.419869425967
2022-01-18 22:00:00,5299.75,2129.75,3224.25,2796.2914264597193,2652.657738095238,2094.2555432372505
2022-01-18 23:00:00,5906.75,2129.75,3328.75,2796.2914264597193,2652.657738095238,2094.091217048534
2022-01-19 00:00:00,6479.0,2129.75,3292.25,2796.2914264597193,2652.657738095238,2093.926890859818
2022-01-19 01:00:00,6661.0,2129.75,3118.0,2796.2914264597193,2652.657738095238,2093.7625646711012
2022-01-19 02:00:00,6304.0,2129.75,3059.0,2796.2914264597193,2652.657738095238,2093.5982384823847
2022-01-19 03:00:00,6117.0,2129.75,2638.5,2796.2914264597193,2652.657738095238,2093.4339122936685
2022-01-19 04:00:00,6754.5,2129.75,2133.0,2796.2914264597193,2652.657738095238,2093.269586104952
2022-01-19 05:00:00,6825.5,2129.75,1542.0,2796.2914264597193,2652.657738095238,2093.1052599162354
2022-01-19 06:00:00,6870.0,2129.75,967.25,2796.2914264597193,2652.657738095238,2092.940933727519
2022-01-19 07:00:00,6821.75,2129.75,608.75,2796.2914264597193,2652.657738095238,2092.7766075388026
2022-01-19 08:00:00,6887.75,2129.75,734.0,2796.2914264597193,2652.657738095238,2092.612281350086
2022-01-19 09:00:00,6658.0,2129.75,1072.0,2796.2914264597193,2652.657738095238,2092.44795516137
2022-01-19 10:00:00,6579.0,2129.75,1684.0,2796.2914264597193,2652.657738095238,2092.2836289726533
2022-01-19 11:00:00,6508.5,2129.75,2220.5,2796.2914264597193,2652.657738095238,2092.1193027839367
2022-01-19 12:00:00,6541.0,2129.75,2627.25,2796.2914264597193,2652.657738095238,2091.9549765952206
2022-01-19 13:00:00,6685.25,2129.75,2772.75,2796.2914264597193,2652.657738095238,2091.790650406504
2022-01-19 14:00:00,6029.75,2129.75,3239.5,2796.2914264597193,2652.657738095238,2091.6263242177874
2022-01-19 15:00:00,5753.0,2129.75,3079.5,2796.2914264597193,2652.657738095238,2091.4619980290713
2022-01-19 16:00:00,5743.0,2129.75,3106.25,2796.2914264597193,2652.657738095238,2091.2976718403547
2022-01-19 17:00:00,5597.75,2129.75,3262.25,2796.2914264597193,2652.657738095238,2091.133345651638
2022-01-19 18:00:00,5604.25,2129.75,3485.25,2796.2914264597193,2652.657738095238,2090.969019462922
2022-01-19 19:00:00,5940.0,2129.75,3484.5,2796.2914264597193,2652.657738095238,2090.8046932742054
2022-01-19 20:00:00,5792.5,2129.75,4429.0,2796.2914264597193,2652.657738095238,2090.640367085489
2022-01-19 21:00:00,5694.0,2129.75,5294.5,2796.2914264597193,2652.657738095238,2090.4760408967727
2022-01-19 22:00:00,5907.75,2129.75,5299.75,2796.2914264597193,2652.657738095238,2090.311714708056
2022-01-19 23:00:00,6117.0,2129.75,5906.75,2796.2914264597193,2652.657738095238,2090.1473885193395
2022-01-20 00:00:00,6005.25,2129.75,6479.0,2796.2914264597193,2652.657738095238,2089.9830623306234
2022-01-20 01:00:00,5580.0,2129.75,6661.0,2796.2914264597193,2652.657738095238,2089.818736141907
2022-01-20 02:00:00,5417.0,2129.75,6304.0,2796.2914264597193,2652.657738095238,2089.65440995319
2022-01-20 03:00:00,5417.5,2129.75,6117.0,2796.2914264597193,2652.657738095238,2089.490083764474
2022-01-20 04:00:00,5274.75,2129.75,6754.5,2796.2914264597193,2652.657738095238,2089.3257575757575
2022-01-20 05:00:00,5119.0,2129.75,6825.5,2796.2914264597193,2652.657738095238,2089.161431387041
2022-01-20 06:00:00,5117.75,2129.75,6870.0,2796.2914264597193,2652.657738095238,2088.997105198325
2022-01-20 07:00:00,5278.25,2129.75,6821.75,2796.2914264597193,2652.657738095238,2088.832779009608
2022-01-20 08:00:00,5625.0,2129.75,6887.75,2796.2914264597193,2652.657738095238,2088.6684528208916
2022-01-20 09:00:00,5709.0,2129.75,6658.0,2796.2914264597193,2652.657738095238,2088.5041266321755
2022-01-20 10:00:00,5654.5,2129.75,6579.0,2796.2914264597193,2652.657738095238,2088.339800443459
2022-01-20 11:00:00,5595.0,2129.75,6508.5,2796.2914264597193,2652.657738095238,2088.1754742547428
2022-01-20 12:00:00,5534.75,2129.75,6541.0,2796.2914264597193,2652.657738095238,2088.011148066026
2022-01-20 13:00:00,5527.0,2129.75,6685.25,2796.2914264597193,2652.657738095238,2087.8468218773096
2022-01-20 14:00:00,5979.0,2129.75,6029.75,2796.2914264597193,2652.657738095238,2087.6824956885935
2022-01-20 15:00:00,6248.5,2129.75,5753.0,2796.2914264597193,2652.657738095238,2087.518169499877
2022-01-20 16:00:00,6114.25,2129.75,5743.0,2796.2914264597193,2652.657738095238,2087.3538433111603
2022-01-20 17:00:00,6112.0,2129.75,5597.75,2796.2914264597193,2652.657738095238,2087.189517122444
2022-01-20 18:00:00,6279.75,2129.75,5604.25,2796.2914264597193,2652.657738095238,2087.0251909337276
2022-01-20 19:00:00,6391.75,2129.75,5940.0,2796.2914264597193,2652.657738095238,2086.860864745011
2022-01-20 20:00:00,6585.25,2129.75,5792.5,2796.2914264597193,2652.657738095238,2086.696538556295
2022-01-20 21:00:00,6988.25,2129.75,5694.0,2796.2914264597193,2652.657738095238,2086.5322123675783
2022-01-20 22:00:00,6929.75,2129.75,5907.75,2796.2914264597193,2652.657738095238,2086.3678861788617
2022-01-20 23:00:00,6825.5,2129.75,6117.0,2796.2914264597193,2652.657738095238,2086.2035599901455
2022-01-21 00:00:00,6640.25,2129.75,6005.25,2796.2914264597193,2652.657738095238,2086.039233801429
2022-01-21 01:00:00,6533.75,2129.75,5580.0,2796.2914264597193,2652.657738095238,2085.8749076127124
2022-01-21 02:00:00,6479.25,2129.75,5417.0,2796.2914264597193,2652.657738095238,2085.7105814239962
2022-01-21 03:00:00,6540.75,2129.75,5417.5,2796.2914264597193,2652.657738095238,2085.5462552352797
2022-01-21 04:00:00,6817.75,2129.75,5274.75,2796.2914264597193,2652.657738095238,2085.381929046563
2022-01-21 05:00:00,6456.25,2129.75,5119.0,2796.2914264597193,2652.657738095238,2085.217602857847
2022-01-21 06:00:00,6040.25,2129.75,5117.75,2796.2914264597193,2652.657738095238,2085.0532766691304
2022-01-21 07:00:00,5775.0,2129.75,5278.25,2796.2914264597193,2652.657738095238,2084.8889504804138
2022-01-21 08:00:00,5211.25,2129.75,5625.0,2796.2914264597193,2652.657738095238,2084.7246242916976
2022-01-21 09:00:00,5090.25,2129.75,5709.0,2796.2914264597193,2652.657738095238,2084.560298102981
2022-01-21 10:00:00,4950.5,2129.75,5654.5,2796.2914264597193,2652.657738095238,2084.3959719142645
2022-01-21 11:00:00,4905.25,2129.75,5595.0,2796.2914264597193,2652.657738095238,2084.2316457255483
2022-01-21 12:00:00,5571.5,2129.75,5534.75,2796.2914264597193,2652.657738095238,2084.0673195368317
2022-01-21 13:00:00,6660.5,2129.75,5527.0,2796.2914264597193,2652.657738095238,2083.902993348115
2022-01-21 14:00:00,6983.0,2129.75,5979.0,2796.2914264597193,2652.657738095238,2083.738667159399
2022-01-21 15:00:00,6869.75,2129.75,6248.5,2796.2914264597193,2652.657738095238,2083.5743409706824
2022-01-21 16:00:00,6570.25,2129.75,6114.25,2796.2914264597193,2652.657738095238,2083.410014781966
2022-01-21 17:00:00,6277.25,2129.75,6112.0,2796.2914264597193,2652.657738095238,2083.2456885932497
2022-01-21 18:00:00,6197.5,2129.75,6279.75,2796.2914264597193,2652.657738095238,2083.081362404533
2022-01-21 19:00:00,6127.0,2129.75,6391.75,2796.2914264597193,2652.657738095238,2082.9170362158166
2022-01-21 20:00:00,5932.25,2129.75,6585.25,2796.2914264597193,2652.657738095238,2082.7527100271004
2022-01-21 21:00:00,5920.5,2129.75,6988.25,2796.2914264597193,2652.657738095238,2082.588383838384
2022-01-21 22:00:00,5849.0,2129.75,6929.75,2796.2914264597193,2652.657738095238,2082.4240576496672
2022-01-21 23:00:00,5648.5,2129.75,6825.5,2796.2914264597193,2652.657738095238,2082.259731460951
2022-01-22 00:00:00,5706.5,2129.75,6640.25,2796.2914264597193,2652.657738095238,2082.0954052722345
2022-01-22 01:00:00,5507.25,2129.75,6533.75,2796.2914264597193,2652.657738095238,2081.931079083518
2022-01-22 02:00:00,4951.5,2129.75,6479.25,2796.2914264597193,2652.657738095238,2081.766752894802
2022-01-22 03:00:00,4530.0,2129.75,6540.75,2796.2914264597193,2652.657738095238,2081.602426706085
2022-01-22 04:00:00,4126.0,2129.75,6817.75,2796.2914264597193,2652.657738095238,2081.4381005173686
2022-01-22 05:00:00,4366.25,2129.75,6456.25,2796.2914264597193,2652.657738095238,2081.2737743286525
2022-01-22 06:00:00,4076.75,2129.75,6040.25,2796.2914264597193,2652.657738095238,2081.109448139936
2022-01-22 07:00:00,3592.0,2129.75,5775.0,2796.2914264597193,2652.657738095238,2080.9451219512193
2022-01-22 08:00:00,3132.0,2129.75,5211.25,2796.2914264597193,2652.657738095238,2080.780795762503
2022-01-22 09:00:00,2512.0,2129.75,5090.25,2796.2914264597193,2652.657738095238,2080.6164695737866
2022-01-22 10:00:00,2276.75,2129.75,4950.5,2796.2914264597193,2652.657738095238,2080.45214338507
2022-01-22 11:00:00,2022.25,2129.75,4905.25,2796.2914264597193,2652.657738095238,2080.287817196354
2022-01-22 12:00:00,1918.5,2129.75,5571.5,2796.2914264597193,2652.657738095238,2080.1234910076373
2022-01-22 13:00:00,1708.75,2129.75,6660.5,2796.2914264597193,2652.657738095238,2079.9591648189207
2022-01-22 14:00:00,1577.75,2129.75,6983.0,2796.2914264597193,2652.657738095238,2079.7948386302046
2022-01-22 15:00:00,1626.0,2129.75,6869.75,2796.2914264597193,2652.657738095238,2079.630512441488
2022-01-22 16:00:00,1805.25,2129.75,6570.25,2796.2914264597193,2652.657738095238,2079.4661862527714
2022-01-22 17:00:00,1738.5,2129.75,6277.25,2796.2914264597193,2652.657738095238,2079.3018600640553
2022-01-22 18:00:00,1560.5,2129.75,6197.5,2796.2914264597193,2652.657738095238,2079.1375338753387
2022-01-22 19:00:00,1338.25,2129.75,6127.0,2796.2914264597193,2652.657738095238,2078.973207686622
2022-01-22 20:00:00,1636.5,2129.75,5932.25,2796.2914264597193,2652.657738095238,2078.808881497906
2022-01-22 21:00:00,1843.25,2129.75,5920.5,2796.2914264597193,2652.657738095238,2078.6445553091894
2022-01-22 22:00:00,2085.25,2129.75,5849.0,2796.2914264597193,2652.657738095238,2078.480229120473
2022-01-22 23:00:00,1892.75,2129.75,5648.5,2796.2914264597193,2652.657738095238,2078.3159029317567
2022-01-23 00:00:00,1837.75,2129.75,5706.5,2796.2914264597193,2652.657738095238,2078.15157674304
2022-01-23 01:00:00,1581.25,2129.75,5507.25,2796.2914264597193,2652.657738095238,2077.9872505543235
2022-01-23 02:00:00,1455.75,2129.75,4951.5,2796.2914264597193,2652.657738095238,2077.8229243656074
2022-01-23 03:00:00,1259.75,2129.75,4530.0,2796.2914264597193,2652.657738095238,2077.658598176891
2022-01-23 04:00:00,1217.25,2129.75,4126.0,2796.2914264597193,2652.657738095238,2077.494271988174
2022-01-23 05:00:00,1333.25,2129.75,4366.25,2796.2914264597193,2652.657738095238,2077.329945799458
2022-01-23 06:00:00,1552.5,2129.75,4076.75,2796.2914264597193,2652.657738095238,2077.1656196107415
2022-01-23 07:00:00,1646.5,2129.75,3592.0,2796.2914264597193,2652.657738095238,2077.001293422025
2022-01-23 08:00:00,1626.0,2129.75,3132.0,2796.2914264597193,2652.657738095238,2076.8369672333088
2022-01-23 09:00:00,1713.75,2129.75,2512.0,2796.2914264597193,2652.657738095238,2076.672641044592
2022-01-23 10:00:00,1848.75,2129.75,2276.75,2796.2914264597193,2652.657738095238,2076.508314855876
2022-01-23 11:00:00,1725.25,2129.75,2022.25,2796.2914264597193,2652.657738095238,2076.3439886671595
2022-01-23 12:00:00,1681.0,2129.75,1918.5,2796.2914264597193,2652.657738095238,2076.179662478443
2022-01-23 13:00:00,1650.75,2129.75,1708.75,2796.2914264597193,2652.657738095238,2076.0153362897267
2022-01-23 14:00:00,1428.5,2129.75,1577.75,2796.2914264597193,2652.657738095238,2075.85101010101
2022-01-23 15:00:00,1270.5,2129.75,1626.0,2796.2914264597193,2652.657738095238,2075.6866839122936
2022-01-23 16:00:00,1128.25,2129.75,1805.25,2796.2914264597193,2652.657738095238,2075.5223577235774
2022-01-23 17:00:00,896.0,2129.75,1738.5,2796.2914264597193,2652.657738095238,2075.358031534861
2022-01-23 18:00:00,1060.25,2129.75,1560.5,2796.2914264597193,2652.657738095238,2075.1937053461443
2022-01-23 19:00:00,1259.75,2129.75,1338.25,2796.2914264597193,2652.657738095238,2075.029379157428
2022-01-23 20:00:00,1489.0,2129.75,1636.5,2796.2914264597193,2652.657738095238,2074.8650529687116
2022-01-23 21:00:00,1751.75,2129.75,1843.25,2796.2914264597193,2652.657738095238,2074.700726779995
2022-01-23 22:00:00,1716.75,2129.75,2085.25,2796.2914264597193,2652.657738095238,2074.536400591279
2022-01-23 23:00:00,1999.25,2129.75,1892.75,2796.2914264597193,2652.657738095238,2074.3720744025622
2022-01-24 00:00:00,2465.75,2129.75,1837.75,2796.2914264597193,2652.657738095238,2074.2077482138457
2022-01-24 01:00:00,2695.0,2129.75,1581.25,2796.2914264597193,2652.657738095238,2074.0434220251295
2022-01-24 02:00:00,2762.0,2129.75,1455.75,2796.2914264597193,2652.657738095238,2073.879095836413
2022-01-24 03:00:00,2794.75,2129.75,1259.75,2796.2914264597193,2652.657738095238,2073.7147696476964
2022-01-24 04:00:00,2722.0,2129.75,1217.25,2796.2914264597193,2652.657738095238,2073.55044345898
2022-01-24 05:00:00,2547.5,2129.75,1333.25,2796.2914264597193,2652.657738095238,2073.3861172702636
2022-01-24 06:00:00,2530.0,2129.75,1552.5,2796.2914264597193,2652.657738095238,2073.221791081547
2022-01-24 07:00:00,2447.5,2129.75,1646.5,2796.2914264597193,2652.657738095238,2073.057464892831
2022-01-24 08:00:00,2517.5,2129.75,1626.0,2796.2914264597193,2652.657738095238,2072.8931387041143
2022-01-24 09:00:00,2734.5,2129.75,1713.75,2796.2914264597193,2652.657738095238,2072.7288125153977
2022-01-24 10:00:00,2820.5,2129.75,1848.75,2796.2914264597193,2652.657738095238,2072.5644863266816
2022-01-24 11:00:00,2888.25,2129.75,1725.25,2796.2914264597193,2652.657738095238,2072.400160137965
2022-01-24 12:00:00,2946.5,2129.75,1681.0,2796.2914264597193,2652.657738095238,2072.2358339492484
2022-01-24 13:00:00,2724.5,2129.75,1650.75,2796.2914264597193,2652.657738095238,2072.0715077605323
2022-01-24 14:00:00,2429.0,2129.75,1428.5,2796.2914264597193,2652.657738095238,2071.9071815718157
2022-01-24 15:00:00,2069.5,2129.75,1270.5,2796.2914264597193,2652.657738095238,2071.742855383099
2022-01-24 16:00:00,1797.75,2129.75,1128.25,2796.2914264597193,2652.657738095238,2071.578529194383
2022-01-24 17:00:00,1554.25,2129.75,896.0,2796.2914264597193,2652.657738095238,2071.4142030056664
2022-01-24 18:00:00,1545.25,2129.75,1060.25,2796.2914264597193,2652.657738095238,2071.24987681695
2022-01-24 19:00:00,1472.25,2129.75,1259.75,2796.2914264597193,2652.657738095238,2071.0855506282337
2022-01-24 20:00:00,1457.5,2129.75,1489.0,2796.2914264597193,2652.657738095238,2070.921224439517
2022-01-24 21:00:00,1485.25,2129.75,1751.75,2796.2914264597193,2652.657738095238,2070.7568982508005
2022-01-24 22:00:00,1515.0,2129.75,1716.75,2796.2914264597193,2652.657738095238,2070.5925720620844
2022-01-24 23:00:00,1692.0,2129.75,1999.25,2796.2914264597193,2652.657738095238,2070.428245873368
2022-01-25 00:00:00,1897.25,2129.75,2465.75,2796.2914264597193,2652.657738095238,2070.2639196846512
2022-01-25 01:00:00,1993.5,2129.75,2695.0,2796.2914264597193,2652.657738095238,2070.099593495935
2022-01-25 02:00:00,1934.25,2129.75,2762.0,2796.2914264597193,2652.657738095238,2069.9352673072185
2022-01-25 03:00:00,1934.25,2129.75,2794.75,2796.2914264597193,2652.657738095238,2069.770941118502
2022-01-25 04:00:00,1854.5,2129.75,2722.0,2796.2914264597193,2652.657738095238,2069.606614929786
2022-01-25 05:00:00,1706.0,2129.75,2547.5,2796.2914264597193,2652.657738095238,2069.442288741069
2022-01-25 06:00:00,1587.0,2129.75,2530.0,2796.2914264597193,2652.657738095238,2069.2779625523526
2022-01-25 07:00:00,1429.75,2129.75,2447.5,2796.2914264597193,2652.657738095238,2069.1136363636365
2022-01-25 08:00:00,1426.25,2129.75,2517.5,2796.2914264597193,2652.657738095238,2068.94931017492
2022-01-25 09:00:00,1403.5,2129.75,2734.5,2796.2914264597193,2652.657738095238,2068.7849839862033
2022-01-25 10:00:00,1382.0,2129.75,2820.5,2796.2914264597193,2652.657738095238,2068.620657797487
2022-01-25 11:00:00,1505.5,2129.75,2888.25,2796.2914264597193,2652.657738095238,2068.4563316087706
2022-01-25 12:00:00,1701.75,2129.75,2946.5,2796.2914264597193,2652.657738095238,2068.292005420054
2022-01-25 13:00:00,1709.25,2129.75,2724.5,2796.2914264597193,2652.657738095238,2068.127679231338
2022-01-25 14:00:00,1804.5,2129.75,2429.0,2796.2914264597193,2652.657738095238,2067.9633530426213
2022-01-25 15:00:00,1737.0,2129.75,2069.5,2796.2914264597193,2652.657738095238,2067.7990268539047
2022-01-25 16:00:00,1740.0,2129.75,1797.75,2796.2914264597193,2652.657738095238,2067.6347006651886
2022-01-25 17:00:00,1687.0,2129.75,1554.25,2796.2914264597193,2652.657738095238,2067.470374476472
2022-01-25 18:00:00,1746.0,2129.75,1545.25,2796.2914264597193,2652.657738095238,2067.3060482877554
2022-01-25 19:00:00,1704.0,2129.75,1472.25,2796.2914264597193,2652.657738095238,2067.1417220990393
2022-01-25 20:00:00,1903.75,2129.75,1457.5,2796.2914264597193,2652.657738095238,2066.9773959103227
2022-01-25 21:00:00,2216.5,2129.75,1485.25,2796.2914264597193,2652.657738095238,2066.813069721606
2022-01-25 22:00:00,2759.75,2129.75,1515.0,2796.2914264597193,2652.657738095238,2066.64874353289
2022-01-25 23:00:00,3471.5,2129.75,1692.0,2796.2914264597193,2652.657738095238,2066.4844173441734
2022-01-26 00:00:00,4017.0,2129.75,1897.25,2796.2914264597193,2652.657738095238,2066.320091155457
2022-01-26 01:00:00,4574.25,2129.75,1993.5,2796.2914264597193,2652.657738095238,2066.1557649667407
2022-01-26 02:00:00,5030.0,2129.75,1934.25,2796.2914264597193,2652.657738095238,2065.991438778024
2022-01-26 03:00:00,5317.5,2129.75,1934.25,2796.2914264597193,2652.657738095238,2065.8271125893075
2022-01-26 04:00:00,5767.75,2129.75,1854.5,2796.2914264597193,2652.657738095238,2065.6627864005914
2022-01-26 05:00:00,6238.75,2129.75,1706.0,2796.2914264597193,2652.657738095238,2065.4984602118748
2022-01-26 06:00:00,5700.75,2129.75,1587.0,2796.2914264597193,2652.657738095238,2065.334134023158
2022-01-26 07:00:00,5286.0,2129.75,1429.75,2796.2914264597193,2652.657738095238,2065.169807834442
2022-01-26 08:00:00,4987.75,2129.75,1426.25,2796.2914264597193,2652.657738095238,2065.0054816457255
2022-01-26 09:00:00,4823.0,2129.75,1403.5,2796.2914264597193,2652.657738095238,2064.8411554570093
2022-01-26 10:00:00,4857.75,2129.75,1382.0,2796.2914264597193,2652.657738095238,2064.6768292682927
2022-01-26 11:00:00,5390.25,2129.75,1505.5,2796.2914264597193,2652.657738095238,2064.512503079576
2022-01-26 12:00:00,5574.25,2129.75,1701.75,2796.2914264597193,2652.657738095238,2064.34817689086
2022-01-26 13:00:00,5545.0,2129.75,1709.25,2796.2914264597193,2652.657738095238,2064.1838507021434
2022-01-26 14:00:00,5317.25,2129.75,1804.5,2796.2914264597193,2652.657738095238,2064.019524513427
2022-01-26 15:00:00,4957.5,2129.75,1737.0,2796.2914264597193,2652.657738095238,2063.8551983247107
2022-01-26 16:00:00,5099.75,2129.75,1740.0,2796.2914264597193,2652.657738095238,2063.690872135994
2022-01-26 17:00:00,5377.25,2129.75,1687.0,2796.2914264597193,2652.657738095238,2063.5265459472776
2022-01-26 18:00:00,5850.25,2129.75,1746.0,2796.2914264597193,2652.657738095238,2063.3622197585614
2022-01-26 19:00:00,5983.0,2129.75,1704.0,2796.2914264597193,2652.657738095238,2063.197893569845
2022-01-26 20:00:00,5588.5,2129.75,1903.75,2796.2914264597193,2652.657738095238,2063.0335673811283
2022-01-26 21:00:00,5406.0,2129.75,2216.5,2796.2914264597193,2652.657738095238,2062.869241192412
2022-01-26 22:00:00,5408.25,2129.75,2759.75,2796.2914264597193,2652.657738095238,2062.7049150036955
2022-01-26 23:00:00,5125.25,2129.75,3471.5,2796.2914264597193,2652.657738095238,2062.540588814979
2022-01-27 00:00:00,5005.0,2129.75,4017.0,2796.2914264597193,2652.657738095238,2062.376262626263
2022-01-27 01:00:00,5015.25,2129.75,4574.25,2796.2914264597193,2652.657738095238,2062.2119364375462
2022-01-27 02:00:00,5005.5,2129.75,5030.0,2796.2914264597193,2652.657738095238,2062.0476102488296
2022-01-27 03:00:00,4996.75,2129.75,5317.5,2796.2914264597193,2652.657738095238,2061.8832840601135
2022-01-27 04:00:00,4998.25,2129.75,5767.75,2796.2914264597193,2652.657738095238,2061.718957871397
2022-01-27 05:00:00,4981.25,2129.75,6238.75,2796.2914264597193,2652.657738095238,2061.5546316826803
2022-01-27 06:00:00,4698.25,2129.75,5700.75,2796.2914264597193,2652.657738095238,2061.390305493964
2022-01-27 07:00:00,4666.75,2129.75,5286.0,2796.2914264597193,2652.657738095238,2061.2259793052476
2022-01-27 08:00:00,4775.0,2129.75,4987.75,2796.2914264597193,2652.657738095238,2061.061653116531
2022-01-27 09:00:00,4626.0,2129.75,4823.0,2796.2914264597193,2652.657738095238,2060.897326927815
2022-01-27 10:00:00,4631.0,2129.75,4857.75,2796.2914264597193,2652.657738095238,2060.7330007390983
2022-01-27 11:00:00,4581.0,2129.75,5390.25,2796.2914264597193,2652.657738095238,2060.5686745503817
2022-01-27 12:00:00,4559.5,2129.75,5574.25,2796.2914264597193,2652.657738095238,2060.4043483616656
2022-01-27 13:00:00,4691.25,2129.75,5545.0,2796.2914264597193,2652.657738095238,2060.240022172949
2022-01-27 14:00:00,5304.5,2129.75,5317.25,2796.2914264597193,2652.657738095238,2060.0756959842324
2022-01-27 15:00:00,5306.0,2129.75,4957.5,2796.2914264597193,2652.657738095238,2059.9113697955163
2022-01-27 16:00:00,5283.75,2129.75,5099.75,2796.2914264597193,2652.657738095238,2059.7470436067997
2022-01-27 17:00:00,5186.5,2129.75,5377.25,2796.2914264597193,2652.657738095238,2059.582717418083
2022-01-27 18:00:00,5025.0,2129.75,5850.25,2796.2914264597193,2652.657738095238,2059.418391229367
2022-01-27 19:00:00,5229.0,2129.75,5983.0,2796.2914264597193,2652.657738095238,2059.2540650406504
2022-01-27 20:00:00,5247.75,2129.75,5588.5,2796.2914264597193,2652.657738095238,2059.089738851934
2022-01-27 21:00:00,5271.5,2129.75,5406.0,2796.2914264597193,2652.657738095238,2058.9254126632177
2022-01-27 22:00:00,5266.25,2129.75,5408.25,2796.2914264597193,2652.657738095238,2058.761086474501
2022-01-27 23:00:00,5051.5,2129.75,5125.25,2796.2914264597193,2652.657738095238,2058.5967602857845
2022-01-28 00:00:00,4917.5,2129.75,5005.0,2796.2914264597193,2652.657738095238,2058.4324340970684
2022-01-28 01:00:00,4903.75,2129.75,5015.25,2796.2914264597193,2652.657738095238,2058.268107908352
2022-01-28 02:00:00,5014.25,2129.75,5005.5,2796.2914264597193,2652.657738095238,2058.103781719635
2022-01-28 03:00:00,4984.5,2129.75,4996.75,2796.2914264597193,2652.657738095238,2057.939455530919
2022-01-28 04:00:00,5160.5,2129.75,4998.25,2796.2914264597193,2652.657738095238,2057.7751293422025
2022-01-28 05:00:00,4989.75,2129.75,4981.25,2796.2914264597193,2652.657738095238,2057.610803153486
2022-01-28 06:00:00,5002.5,2129.75,4698.25,2796.2914264597193,2652.657738095238,2057.4464769647698
2022-01-28 07:00:00,5344.5,2129.75,4666.75,2796.2914264597193,2652.657738095238,2057.282150776053
2022-01-28 08:00:00,5083.5,2129.75,4775.0,2796.2914264597193,2652.657738095238,2057.1178245873366
2022-01-28 09:00:00,4113.25,2129.75,4626.0,2796.2914264597193,2652.657738095238,2056.9534983986205
2022-01-28 10:00:00,2971.5,2129.75,4631.0,2796.2914264597193,2652.657738095238,2056.789172209904
2022-01-28 11:00:00,2343.0,2129.75,4581.0,2796.2914264597193,2652.657738095238,2056.6248460211873
2022-01-28 12:00:00,2321.5,2129.75,4559.5,2796.2914264597193,2652.657738095238,2056.460519832471
2022-01-28 13:00:00,2792.5,2129.75,4691.25,2796.2914264597193,2652.657738095238,2056.2961936437546
2022-01-28 14:00:00,2881.25,2129.75,5304.5,2796.2914264597193,2652.657738095238,2056.131867455038
2022-01-28 15:00:00,3285.0,2129.75,5306.0,2796.2914264597193,2652.657738095238,2055.967541266322
2022-01-28 16:00:00,4027.75,2129.75,5283.75,2796.2914264597193,2652.657738095238,2055.8032150776053
2022-01-28 17:00:00,4906.75,2129.75,5186.5,2796.2914264597193,2652.657738095238,2055.6388888888887
2022-01-28 18:00:00,5488.0,2129.75,5025.0,2796.2914264597193,2652.657738095238,2055.4745627001726
2022-01-28 19:00:00,5815.5,2129.75,5229.0,2796.2914264597193,2652.657738095238,2055.310236511456
2022-01-28 20:00:00,6083.5,2129.75,5247.75,2796.2914264597193,2652.657738095238,2055.1459103227394
2022-01-28 21:00:00,6252.5,2129.75,5271.5,2796.2914264597193,2652.657738095238,2054.9815841340233
2022-01-28 22:00:00,6340.5,2129.75,5266.25,2796.2914264597193,2652.657738095238,2054.8172579453067
2022-01-28 23:00:00,6006.0,2129.75,5051.5,2796.2914264597193,2652.657738095238,2054.65293175659
2022-01-29 00:00:00,5833.75,2129.75,4917.5,2796.2914264597193,2652.657738095238,2054.488605567874
2022-01-29 01:00:00,5551.5,2129.75,4903.75,2796.2914264597193,2652.657738095238,2054.3242793791574
2022-01-29 02:00:00,5456.25,2129.75,5014.25,2796.2914264597193,2652.657738095238,2054.1599531904412
2022-01-29 03:00:00,5105.75,2129.75,4984.5,2796.2914264597193,2652.657738095238,2053.9956270017246
2022-01-29 04:00:00,4801.0,2129.75,5160.5,2796.2914264597193,2652.657738095238,2053.831300813008
2022-01-29 05:00:00,4690.75,2129.75,4989.75,2796.2914264597193,2652.657738095238,2053.6669746242915
2022-01-29 06:00:00,4632.25,2129.75,5002.5,2796.2914264597193,2652.657738095238,2053.5026484355753
2022-01-29 07:00:00,4806.0,2129.75,5344.5,2796.2914264597193,2652.657738095238,2053.3383222468588
2022-01-29 08:00:00,4442.0,2129.75,5083.5,2796.2914264597193,2652.657738095238,2053.1739960581426
2022-01-29 09:00:00,4390.0,2129.75,4113.25,2796.2914264597193,2652.657738095238,2053.009669869426
2022-01-29 10:00:00,4379.0,2129.75,2971.5,2796.2914264597193,2652.657738095238,2052.8453436807094
2022-01-29 11:00:00,4375.5,2129.75,2343.0,2796.2914264597193,2652.657738095238,2052.6810174919933
2022-01-29 12:00:00,4290.0,2129.75,2321.5,2796.2914264597193,2652.657738095238,2052.5166913032767
2022-01-29 13:00:00,3873.5,2129.75,2792.5,2796.2914264597193,2652.657738095238,2052.35236511456
2022-01-29 14:00:00,3710.5,2129.75,2881.25,2796.2914264597193,2652.657738095238,2052.188038925844
2022-01-29 15:00:00,3484.5,2129.75,3285.0,2796.2914264597193,2652.657738095238,2052.0237127371274
2022-01-29 16:00:00,3744.5,2129.75,4027.75,2796.2914264597193,2652.657738095238,2051.859386548411
2022-01-29 17:00:00,3967.25,2129.75,4906.75,2796.2914264597193,2652.657738095238,2051.6950603596947
2022-01-29 18:00:00,3896.75,2129.75,5488.0,2796.2914264597193,2652.657738095238,2051.530734170978
2022-01-29 19:00:00,4045.75,2129.75,5815.5,2796.2914264597193,2652.657738095238,2051.3664079822615
2022-01-29 20:00:00,4553.5,2129.75,6083.5,2796.2914264597193,2652.657738095238,2051.2020817935454
2022-01-29 21:00:00,4831.75,2129.75,6252.5,2796.2914264597193,2652.657738095238,2051.037755604829
2022-01-29 22:00:00,4906.5,2129.75,6340.5,2796.2914264597193,2652.657738095238,2050.8734294161122
2022-01-29 23:00:00,4907.5,2129.75,6006.0,2796.2914264597193,2652.657738095238,2050.709103227396
2022-01-30 00:00:00,4711.75,2129.75,5833.75,2796.2914264597193,2652.657738095238,2050.5447770386795
2022-01-30 01:00:00,4701.75,2129.75,5551.5,2796.2914264597193,2652.657738095238,2050.380450849963
2022-01-30 02:00:00,4961.25,2129.75,5456.25,2796.2914264597193,2652.657738095238,2050.216124661247
2022-01-30 03:00:00,5139.75,2129.75,5105.75,2796.2914264597193,2652.657738095238,2050.05179847253
2022-01-30 04:00:00,5156.25,2129.75,4801.0,2796.2914264597193,2652.657738095238,2049.8874722838136
2022-01-30 05:00:00,5142.5,2129.75,4690.75,2796.2914264597193,2652.657738095238,2049.7231460950975
2022-01-30 06:00:00,5132.75,2129.75,4632.25,2796.2914264597193,2652.657738095238,2049.558819906381
2022-01-30 07:00:00,5109.75,2129.75,4806.0,2796.2914264597193,2652.657738095238,2049.3944937176643
2022-01-30 08:00:00,4930.5,2129.75,4442.0,2796.2914264597193,2652.657738095238,2049.230167528948
2022-01-30 09:00:00,4604.5,2129.75,4390.0,2796.2914264597193,2652.657738095238,2049.0658413402316
2022-01-30 10:00:00,4338.0,2129.75,4379.0,2796.2914264597193,2652.657738095238,2048.901515151515
2022-01-30 11:00:00,4699.5,2129.75,4375.5,2796.2914264597193,2652.657738095238,2048.737188962799
2022-01-30 12:00:00,4029.5,2129.75,4290.0,2796.2914264597193,2652.657738095238,2048.5728627740823
2022-01-30 13:00:00,3880.25,2129.75,3873.5,2796.2914264597193,2652.657738095238,2048.4085365853657
2022-01-30 14:00:00,3607.75,2129.75,3710.5,2796.2914264597193,2652.657738095238,2048.2442103966496
2022-01-30 15:00:00,3302.75,2129.75,3484.5,2796.2914264597193,2652.657738095238,2048.079884207933
2022-01-30 16:00:00,4267.25,2129.75,3744.5,2796.2914264597193,2652.657738095238,2047.9155580192166
2022-01-30 17:00:00,5119.5,2129.75,3967.25,2796.2914264597193,2652.657738095238,2047.7512318305
2022-01-30 18:00:00,4824.25,2129.75,3896.75,2796.2914264597193,2652.657738095238,2047.5869056417837
2022-01-30 19:00:00,4316.5,2129.75,4045.75,2796.2914264597193,2652.657738095238,2047.4225794530673
2022-01-30 20:00:00,3909.0,2129.75,4553.5,2796.2914264597193,2652.657738095238,2047.2582532643507
2022-01-30 21:00:00,4576.5,2129.75,4831.75,2796.2914264597193,2652.657738095238,2047.0939270756344
2022-01-30 22:00:00,5664.5,2129.75,4906.5,2796.2914264597193,2652.657738095238,2046.929600886918
2022-01-30 23:00:00,5883.0,2129.75,4907.5,2796.2914264597193,2652.657738095238,2046.7652746982014
2022-01-31 00:00:00,6367.5,2129.75,4711.75,2796.2914264597193,2652.657738095238,2046.600948509485
2022-01-31 01:00:00,6282.25,2129.75,4701.75,2796.2914264597193,2652.657738095238,2046.4366223207687
2022-01-31 02:00:00,5347.25,2129.75,4961.25,2796.2914264597193,2652.657738095238,2046.2722961320521
2022-01-31 03:00:00,4424.0,2129.75,5139.75,2796.2914264597193,2652.657738095238,2046.1079699433358
2022-01-31 04:00:00,4673.0,2129.75,5156.25,2796.2914264597193,2652.657738095238,2045.9436437546194
2022-01-31 05:00:00,3587.0,2129.75,5142.5,2796.2914264597193,2652.657738095238,2045.7793175659028
2022-01-31 06:00:00,2168.25,2129.75,5132.75,2796.2914264597193,2652.657738095238,2045.6149913771865
2022-01-31 07:00:00,1890.0,2129.75,5109.75,2796.2914264597193,2652.657738095238,2045.45066518847
2022-01-31 08:00:00,2016.25,2129.75,4930.5,2796.2914264597193,2652.657738095238,2045.2863389997538
2022-01-31 09:00:00,1924.0,2129.75,4604.5,2796.2914264597193,2652.657738095238,2045.1220128110372
2022-01-31 10:00:00,1859.75,2129.75,4338.0,2796.2914264597193,2652.657738095238,2044.9576866223208
2022-01-31 11:00:00,1638.5,2129.75,4699.5,2796.2914264597193,2652.657738095238,2044.7933604336044
2022-01-31 12:00:00,1338.25,2129.75,4029.5,2796.2914264597193,2652.657738095238,2044.6290342448879
2022-01-31 13:00:00,1652.75,2129.75,3880.25,2796.2914264597193,2652.657738095238,2044.4647080561715
2022-01-31 14:00:00,2103.5,2129.75,3607.75,2796.2914264597193,2652.657738095238,2044.3003818674551
2022-01-31 15:00:00,2246.75,2129.75,3302.75,2796.2914264597193,2652.657738095238,2044.1360556787386
2022-01-31 16:00:00,2531.5,2129.75,4267.25,2796.2914264597193,2652.657738095238,2043.9717294900222
2022-01-31 17:00:00,3495.75,2129.75,5119.5,2796.2914264597193,2652.657738095238,2043.8074033013058
2022-01-31 18:00:00,4735.0,2129.75,4824.25,2796.2914264597193,2652.657738095238,2043.6430771125893
2022-01-31 19:00:00,5559.0,2129.75,4316.5,2796.2914264597193,2652.657738095238,2043.478750923873
2022-01-31 20:00:00,6065.25,2129.75,3909.0,2796.2914264597193,2652.657738095238,2043.3144247351565
2022-01-31 21:00:00,5858.75,2129.75,4576.5,2796.2914264597193,2652.657738095238,2043.15009854644
2022-01-31 22:00:00,5952.25,2129.75,5664.5,2796.2914264597193,2652.657738095238,2042.9857723577236
2022-01-31 23:00:00,5088.75,2129.75,5883.0,2796.2914264597193,2652.657738095238,2042.8214461690072
2022-02-01 00:00:00,4817.0,2129.75,6367.5,2796.2914264597193,2652.657738095238,2042.6571199802906
2022-02-01 01:00:00,4439.5,2129.75,6282.25,2796.2914264597193,2652.657738095238,2042.4927937915743
2022-02-01 02:00:00,4011.25,2129.75,5347.25,2796.2914264597193,2652.657738095238,2042.328467602858
2022-02-01 03:00:00,4773.5,2129.75,4424.0,2796.2914264597193,2652.657738095238,2042.1641414141413
2022-02-01 04:00:00,5310.5,2129.75,4673.0,2796.2914264597193,2652.657738095238,2041.999815225425
2022-02-01 05:00:00,5478.75,2129.75,3587.0,2796.2914264597193,2652.657738095238,2041.8354890367086
2022-02-01 06:00:00,5193.0,2129.75,2168.25,2796.2914264597193,2652.657738095238,2041.671162847992
2022-02-01 07:00:00,5486.25,2129.75,1890.0,2796.2914264597193,2652.657738095238,2041.5068366592757
2022-02-01 08:00:00,5215.25,2129.75,2016.25,2796.2914264597193,2652.657738095238,2041.3425104705593
2022-02-01 09:00:00,4818.25,2129.75,1924.0,2796.2914264597193,2652.657738095238,2041.1781842818427
2022-02-01 10:00:00,3646.0,2129.75,1859.75,2796.2914264597193,2652.657738095238,2041.0138580931264
2022-02-01 11:00:00,3588.5,2129.75,1638.5,2796.2914264597193,2652.657738095238,2040.84953190441
2022-02-01 12:00:00,4597.0,2129.75,1338.25,2796.2914264597193,2652.657738095238,2040.6852057156934
2022-02-01 13:00:00,4462.5,2129.75,1652.75,2796.2914264597193,2652.657738095238,2040.520879526977
2022-02-01 14:00:00,4486.25,2129.75,2103.5,2796.2914264597193,2652.657738095238,2040.3565533382607
2022-02-01 15:00:00,4727.75,2129.75,2246.75,2796.2914264597193,2652.657738095238,2040.1922271495441
2022-02-01 16:00:00,5200.5,2129.75,2531.5,2796.2914264597193,2652.657738095238,2040.0279009608278
2022-02-01 17:00:00,5358.0,2129.75,3495.75,2796.2914264597193,2652.657738095238,2039.8635747721114
2022-02-01 18:00:00,5356.0,2129.75,4735.0,2796.2914264597193,2652.657738095238,2039.6992485833948
2022-02-01 19:00:00,5015.5,2129.75,5559.0,2796.2914264597193,2652.657738095238,2039.5349223946785
2022-02-01 20:00:00,3883.0,2129.75,6065.25,2796.2914264597193,2652.657738095238,2039.370596205962
2022-02-01 21:00:00,3417.0,2129.75,5858.75,2796.2914264597193,2652.657738095238,2039.2062700172455
2022-02-01 22:00:00,2906.75,2129.75,5952.25,2796.2914264597193,2652.657738095238,2039.0419438285292
2022-02-01 23:00:00,5238.0,2129.75,5088.75,2796.2914264597193,2652.657738095238,2038.8776176398128
2022-02-02 00:00:00,4859.75,2129.75,4817.0,2796.2914264597193,2652.657738095238,2038.7132914510962
2022-02-02 01:00:00,5168.5,2129.75,4439.5,2796.2914264597193,2652.657738095238,2038.5489652623799
2022-02-02 02:00:00,4658.25,2129.75,4011.25,2796.2914264597193,2652.657738095238,2038.3846390736635
2022-02-02 03:00:00,4350.25,2129.75,4773.5,2796.2914264597193,2652.657738095238,2038.2203128849471
2022-02-02 04:00:00,4578.25,2129.75,5310.5,2796.2914264597193,2652.657738095238,2038.0559866962305
2022-02-02 05:00:00,5071.5,2129.75,5478.75,2796.2914264597193,2652.657738095238,2037.8916605075142
2022-02-02 06:00:00,4990.0,2129.75,5193.0,2796.2914264597193,2652.657738095238,2037.7273343187978
2022-02-02 07:00:00,4498.0,2129.75,5486.25,2796.2914264597193,2652.657738095238,2037.5630081300812
2022-02-02 08:00:00,4471.75,2129.75,5215.25,2796.2914264597193,2652.657738095238,2037.3986819413649
2022-02-02 09:00:00,4954.5,2129.75,4818.25,2796.2914264597193,2652.657738095238,2037.2343557526485
2022-02-02 10:00:00,4566.75,2129.75,3646.0,2796.2914264597193,2652.657738095238,2037.070029563932
2022-02-02 11:00:00,4287.75,2129.75,3588.5,2796.2914264597193,2652.657738095238,2036.9057033752156
2022-02-02 12:00:00,3816.0,2129.75,4597.0,2796.2914264597193,2652.657738095238,2036.7413771864992
2022-02-02 13:00:00,3411.0,2129.75,4462.5,2796.2914264597193,2652.657738095238,2036.5770509977826
2022-02-02 14:00:00,2814.5,2129.75,4486.25,2796.2914264597193,2652.657738095238,2036.4127248090663
2022-02-02 15:00:00,2221.75,2129.75,4727.75,2796.2914264597193,2652.657738095238,2036.24839862035
2022-02-02 16:00:00,1789.0,2129.75,5200.5,2796.2914264597193,2652.657738095238,2036.0840724316333
2022-02-02 17:00:00,2252.75,2129.75,5358.0,2796.2914264597193,2652.657738095238,2035.919746242917
2022-02-02 18:00:00,2475.5,2129.75,5356.0,2796.2914264597193,2652.657738095238,2035.7554200542006
2022-02-02 19:00:00,2678.25,2129.75,5015.5,2796.2914264597193,2652.657738095238,2035.591093865484
2022-02-02 20:00:00,2807.25,2129.75,3883.0,2796.2914264597193,2652.657738095238,2035.4267676767677
2022-02-02 21:00:00,3163.75,2129.75,3417.0,2796.2914264597193,2652.657738095238,2035.2624414880513
2022-02-02 22:00:00,2886.25,2129.75,2906.75,2796.2914264597193,2652.657738095238,2035.0981152993347
2022-02-02 23:00:00,2542.5,2129.75,5238.0,2796.2914264597193,2652.657738095238,2034.9337891106184
2022-02-03 00:00:00,2413.75,2129.75,4859.75,2796.2914264597193,2652.657738095238,2034.769462921902
2022-02-03 01:00:00,2926.25,2129.75,5168.5,2796.2914264597193,2652.657738095238,2034.6051367331854
2022-02-03 02:00:00,3877.75,2129.75,4658.25,2796.2914264597193,2652.657738095238,2034.440810544469
2022-02-03 03:00:00,4306.25,2129.75,4350.25,2796.2914264597193,2652.657738095238,2034.2764843557527
2022-02-03 04:00:00,4327.5,2129.75,4578.25,2796.2914264597193,2652.657738095238,2034.1121581670361
2022-02-03 05:00:00,4841.5,2129.75,5071.5,2796.2914264597193,2652.657738095238,2033.9478319783198
2022-02-03 06:00:00,5537.5,2129.75,4990.0,2796.2914264597193,2652.657738095238,2033.7835057896034
2022-02-03 07:00:00,5539.5,2129.75,4498.0,2796.2914264597193,2652.657738095238,2033.619179600887
2022-02-03 08:00:00,5031.25,2129.75,4471.75,2796.2914264597193,2652.657738095238,2033.4548534121705
2022-02-03 09:00:00,5235.0,2129.75,4954.5,2796.2914264597193,2652.657738095238,2033.290527223454
2022-02-03 10:00:00,5103.0,2129.75,4566.75,2796.2914264597193,2652.657738095238,2033.1262010347377
2022-02-03 11:00:00,5165.75,2129.75,4287.75,2796.2914264597193,2652.657738095238,2032.9618748460211
2022-02-03 12:00:00,4877.25,2129.75,3816.0,2796.2914264597193,2652.657738095238,2032.7975486573048
2022-02-03 13:00:00,4600.5,2129.75,3411.0,2796.2914264597193,2652.657738095238,2032.6332224685884
2022-02-03 14:00:00,4684.0,2129.75,2814.5,2796.2914264597193,2652.657738095238,2032.4688962798718
2022-02-03 15:00:00,4524.0,2129.75,2221.75,2796.2914264597193,2652.657738095238,2032.3045700911555
2022-02-03 16:00:00,4390.25,2129.75,1789.0,2796.2914264597193,2652.657738095238,2032.1402439024391
2022-02-03 17:00:00,4553.0,2129.75,2252.75,2796.2914264597193,2652.657738095238,2031.9759177137225
2022-02-03 18:00:00,4623.25,2129.75,2475.5,2796.2914264597193,2652.657738095238,2031.8115915250062
2022-02-03 19:00:00,4626.75,2129.75,2678.25,2796.2914264597193,2652.657738095238,2031.6472653362898
2022-02-03 20:00:00,4492.25,2129.75,2807.25,2796.2914264597193,2652.657738095238,2031.4829391475732
2022-02-03 21:00:00,4921.25,2129.75,3163.75,2796.2914264597193,2652.657738095238,2031.3186129588569
2022-02-03 22:00:00,5520.0,2129.75,2886.25,2796.2914264597193,2652.657738095238,2031.1542867701405
2022-02-03 23:00:00,5431.0,2129.75,2542.5,2796.2914264597193,2652.657738095238,2030.989960581424
2022-02-04 00:00:00,5768.5,2129.75,2413.75,2796.2914264597193,2652.657738095238,2030.8256343927076
2022-02-04 01:00:00,5715.5,2129.75,2926.25,2796.2914264597193,2652.657738095238,2030.6613082039912
2022-02-04 02:00:00,5609.0,2129.75,3877.75,2796.2914264597193,2652.657738095238,2030.4969820152746
2022-02-04 03:00:00,5269.5,2129.75,4306.25,2796.2914264597193,2652.657738095238,2030.3326558265583
2022-02-04 04:00:00,5144.5,2129.75,4327.5,2796.2914264597193,2652.657738095238,2030.168329637842
2022-02-04 05:00:00,5498.5,2129.75,4841.5,2796.2914264597193,2652.657738095238,2030.0040034491253
2022-02-04 06:00:00,5699.75,2129.75,5537.5,2796.2914264597193,2652.657738095238,2029.839677260409
2022-02-04 07:00:00,5585.5,2129.75,5539.5,2796.2914264597193,2652.657738095238,2029.6753510716926
2022-02-04 08:00:00,5228.0,2129.75,5031.25,2796.2914264597193,2652.657738095238,2029.511024882976
2022-02-04 09:00:00,4113.75,2129.75,5235.0,2796.2914264597193,2652.657738095238,2029.3466986942597
2022-02-04 10:00:00,4197.75,2129.75,5103.0,2796.2914264597193,2652.657738095238,2029.1823725055433
2022-02-04 11:00:00,4109.75,2129.75,5165.75,2796.2914264597193,2652.657738095238,2029.0180463168267
2022-02-04 12:00:00,4300.5,2129.75,4877.25,2796.2914264597193,2652.657738095238,2028.8537201281104
2022-02-04 13:00:00,3874.5,2129.75,4600.5,2796.2914264597193,2652.657738095238,2028.689393939394
2022-02-04 14:00:00,3547.5,2129.75,4684.0,2796.2914264597193,2652.657738095238,2028.5250677506774
2022-02-04 15:00:00,3696.0,2129.75,4524.0,2796.2914264597193,2652.657738095238,2028.360741561961
2022-02-04 16:00:00,4975.75,2129.75,4390.25,2796.2914264597193,2652.657738095238,2028.1964153732447
2022-02-04 17:00:00,5775.0,2129.75,4553.0,2796.2914264597193,2652.657738095238,2028.032089184528
2022-02-04 18:00:00,5789.25,2129.75,4623.25,2796.2914264597193,2652.657738095238,2027.8677629958117
2022-02-04 19:00:00,5642.0,2129.75,4626.75,2796.2914264597193,2652.657738095238,2027.7034368070954
2022-02-04 20:00:00,4971.0,2129.75,4492.25,2796.2914264597193,2652.657738095238,2027.5391106183788
2022-02-04 21:00:00,5067.0,2129.75,4921.25,2796.2914264597193,2652.657738095238,2027.3747844296624
2022-02-04 22:00:00,5195.5,2129.75,5520.0,2796.2914264597193,2652.657738095238,2027.210458240946
2022-02-04 23:00:00,4820.25,2129.75,5431.0,2796.2914264597193,2652.657738095238,2027.0461320522295
2022-02-05 00:00:00,4730.25,2129.75,5768.5,2796.2914264597193,2652.657738095238,2026.8818058635131
2022-02-05 01:00:00,4927.25,2129.75,5715.5,2796.2914264597193,2652.657738095238,2026.7174796747968
2022-02-05 02:00:00,4613.25,2129.75,5609.0,2796.2914264597193,2652.657738095238,2026.5531534860804
2022-02-05 03:00:00,5034.5,2129.75,5269.5,2796.2914264597193,2652.657738095238,2026.3888272973638
2022-02-05 04:00:00,5252.0,2129.75,5144.5,2796.2914264597193,2652.657738095238,2026.2245011086475
2022-02-05 05:00:00,4999.0,2129.75,5498.5,2796.2914264597193,2652.657738095238,2026.0601749199311
2022-02-05 06:00:00,5892.0,2129.75,5699.75,2796.2914264597193,2652.657738095238,2025.8958487312145
2022-02-05 07:00:00,5817.0,2129.75,5585.5,2796.2914264597193,2652.657738095238,2025.7315225424982
2022-02-05 08:00:00,5602.0,2129.75,5228.0,2796.2914264597193,2652.657738095238,2025.5671963537818
2022-02-05 09:00:00,5423.25,2129.75,4113.75,2796.2914264597193,2652.657738095238,2025.4028701650652
2022-02-05 10:00:00,5492.25,2129.75,4197.75,2796.2914264597193,2652.657738095238,2025.2385439763489
2022-02-05 11:00:00,4744.5,2129.75,4109.75,2796.2914264597193,2652.657738095238,2025.0742177876325
2022-02-05 12:00:00,4638.25,2129.75,4300.5,2796.2914264597193,2652.657738095238,2024.909891598916
2022-02-05 13:00:00,4892.75,2129.75,3874.5,2796.2914264597193,2652.657738095238,2024.7455654101996
2022-02-05 14:00:00,5167.75,2129.75,3547.5,2796.2914264597193,2652.657738095238,2024.5812392214832
2022-02-05 15:00:00,5557.25,2129.75,3696.0,2796.2914264597193,2652.657738095238,2024.4169130327666
2022-02-05 16:00:00,5706.5,2129.75,4975.75,2796.2914264597193,2652.657738095238,2024.2525868440503
2022-02-05 17:00:00,5799.0,2129.75,5775.0,2796.2914264597193,2652.657738095238,2024.088260655334
2022-02-05 18:00:00,5430.75,2129.75,5789.25,2796.2914264597193,2652.657738095238,2023.9239344666173
2022-02-05 19:00:00,4878.0,2129.75,5642.0,2796.2914264597193,2652.657738095238,2023.759608277901
2022-02-05 20:00:00,4024.5,2129.75,4971.0,2796.2914264597193,2652.657738095238,2023.5952820891846
2022-02-05 21:00:00,4325.25,2129.75,5067.0,2796.2914264597193,2652.657738095238,2023.430955900468
2022-02-05 22:00:00,4168.0,2129.75,5195.5,2796.2914264597193,2652.657738095238,2023.2666297117516
2022-02-05 23:00:00,4698.75,2129.75,4820.25,2796.2914264597193,2652.657738095238,2023.1023035230353
2022-02-06 00:00:00,4632.75,2129.75,4730.25,2796.2914264597193,2652.657738095238,2022.9379773343187
2022-02-06 01:00:00,4340.75,2129.75,4927.25,2796.2914264597193,2652.657738095238,2022.7736511456023
2022-02-06 02:00:00,4119.0,2129.75,4613.25,2796.2914264597193,2652.657738095238,2022.609324956886
2022-02-06 03:00:00,3848.5,2129.75,5034.5,2796.2914264597193,2652.657738095238,2022.4449987681694
2022-02-06 04:00:00,3616.25,2129.75,5252.0,2796.2914264597193,2652.657738095238,2022.280672579453
2022-02-06 05:00:00,3736.5,2129.75,4999.0,2796.2914264597193,2652.657738095238,2022.1163463907367
2022-02-06 06:00:00,3605.75,2129.75,5892.0,2796.2914264597193,2652.657738095238,2021.9520202020203
2022-02-06 07:00:00,4300.75,2129.75,5817.0,2796.2914264597193,2652.657738095238,2021.7876940133037
2022-02-06 08:00:00,4063.5,2129.75,5602.0,2796.2914264597193,2652.657738095238,2021.6233678245874
2022-02-06 09:00:00,4223.5,2129.75,5423.25,2796.2914264597193,2652.657738095238,2021.459041635871
2022-02-06 10:00:00,3912.5,2129.75,5492.25,2796.2914264597193,2652.657738095238,2021.2947154471544
2022-02-06 11:00:00,3649.5,2129.75,4744.5,2796.2914264597193,2652.657738095238,2021.130389258438
2022-02-06 12:00:00,3617.0,2129.75,4638.25,2796.2914264597193,2652.657738095238,2020.9660630697217
2022-02-06 13:00:00,3761.0,2129.75,4892.75,2796.2914264597193,2652.657738095238,2020.8017368810051
2022-02-06 14:00:00,4181.75,2129.75,5167.75,2796.2914264597193,2652.657738095238,2020.6374106922888
2022-02-06 15:00:00,4513.75,2129.75,5557.25,2796.2914264597193,2652.657738095238,2020.4730845035724
2022-02-06 16:00:00,5141.75,2129.75,5706.5,2796.2914264597193,2652.657738095238,2020.3087583148558
2022-02-06 17:00:00,5025.5,2129.75,5799.0,2796.2914264597193,2652.657738095238,2020.1444321261395
2022-02-06 18:00:00,4648.25,2129.75,5430.75,2796.2914264597193,2652.657738095238,2019.980105937423
2022-02-06 19:00:00,4101.5,2129.75,4878.0,2796.2914264597193,2652.657738095238,2019.8157797487065
2022-02-06 20:00:00,3633.75,2129.75,4024.5,2796.2914264597193,2652.657738095238,2019.6514535599902
2022-02-06 21:00:00,4684.75,2129.75,4325.25,2796.2914264597193,2652.657738095238,2019.4871273712738
2022-02-06 22:00:00,4544.0,2129.75,4168.0,2796.2914264597193,2652.657738095238,2019.3228011825572
2022-02-06 23:00:00,4978.0,2129.75,4698.75,2796.2914264597193,2652.657738095238,2019.1584749938409
2022-02-07 00:00:00,5464.0,2129.75,4632.75,2796.2914264597193,2652.657738095238,2018.9941488051245
2022-02-07 01:00:00,5049.5,2129.75,4340.75,2796.2914264597193,2652.657738095238,2018.829822616408
2022-02-07 02:00:00,5489.25,2129.75,4119.0,2796.2914264597193,2652.657738095238,2018.6654964276916
2022-02-07 03:00:00,5475.25,2129.75,3848.5,2796.2914264597193,2652.657738095238,2018.5011702389752
2022-02-07 04:00:00,5027.25,2129.75,3616.25,2796.2914264597193,2652.657738095238,2018.3368440502586
2022-02-07 05:00:00,4751.75,2129.75,3736.5,2796.2914264597193,2652.657738095238,2018.1725178615422
2022-02-07 06:00:00,4984.25,2129.75,3605.75,2796.2914264597193,2652.657738095238,2018.008191672826
2022-02-07 07:00:00,4508.5,2129.75,4300.75,2796.2914264597193,2652.657738095238,2017.8438654841093
2022-02-07 08:00:00,4368.5,2129.75,4063.5,2796.2914264597193,2652.657738095238,2017.679539295393
2022-02-07 09:00:00,3932.0,2129.75,4223.5,2796.2914264597193,2652.657738095238,2017.5152131066766
2022-02-07 10:00:00,3442.75,2129.75,3912.5,2796.2914264597193,2652.657738095238,2017.35088691796
2022-02-07 11:00:00,3232.5,2129.75,3649.5,2796.2914264597193,2652.657738095238,2017.1865607292436
2022-02-07 12:00:00,2920.25,2129.75,3617.0,2796.2914264597193,2652.657738095238,2017.0222345405273
2022-02-07 13:00:00,3166.5,2129.75,3761.0,2796.2914264597193,2652.657738095238,2016.8579083518107
2022-02-07 14:00:00,2951.5,2129.75,4181.75,2796.2914264597193,2652.657738095238,2016.6935821630943
2022-02-07 15:00:00,3766.75,2129.75,4513.75,2796.2914264597193,2652.657738095238,2016.529255974378
2022-02-07 16:00:00,3949.25,2129.75,5141.75,2796.2914264597193,2652.657738095238,2016.3649297856614
2022-02-07 17:00:00,4496.75,2129.75,5025.5,2796.2914264597193,2652.657738095238,2016.200603596945
2022-02-07 18:00:00,4425.0,2129.75,4648.25,2796.2914264597193,2652.657738095238,2016.0362774082287
2022-02-07 19:00:00,4673.25,2129.75,4101.5,2796.2914264597193,2652.657738095238,2015.871951219512
2022-02-07 20:00:00,5425.0,2129.75,3633.75,2796.2914264597193,2652.657738095238,2015.7076250307957
2022-02-07 21:00:00,6301.5,2129.75,4684.75,2796.2914264597193,2652.657738095238,2015.5432988420794
2022-02-07 22:00:00,5485.5,2129.75,4544.0,2796.2914264597193,2652.657738095238,2015.3789726533628
2022-02-07 23:00:00,5994.0,2129.75,4978.0,2796.2914264597193,2652.657738095238,2015.2146464646464
2022-02-08 00:00:00,5790.0,2129.75,5464.0,2796.2914264597193,2652.657738095238,2015.05032027593
2022-02-08 01:00:00,5992.25,2129.75,5049.5,2796.2914264597193,2652.657738095238,2014.8859940872137
2022-02-08 02:00:00,5811.75,2129.75,5489.25,2796.2914264597193,2652.657738095238,2014.7216678984971
2022-02-08 03:00:00,5814.75,2129.75,5475.25,2796.2914264597193,2652.657738095238,2014.5573417097808
2022-02-08 04:00:00,5449.75,2129.75,5027.25,2796.2914264597193,2652.657738095238,2014.3930155210644
2022-02-08 05:00:00,4954.0,2129.75,4751.75,2796.2914264597193,2652.657738095238,2014.2286893323478
2022-02-08 06:00:00,4933.5,2129.75,4984.25,2796.2914264597193,2652.657738095238,2014.0643631436315
2022-02-08 07:00:00,4458.25,2129.75,4508.5,2796.2914264597193,2652.657738095238,2013.900036954915
2022-02-08 08:00:00,4400.5,2129.75,4368.5,2796.2914264597193,2652.657738095238,2013.7357107661985
2022-02-08 09:00:00,4291.25,2129.75,3932.0,2796.2914264597193,2652.657738095238,2013.5713845774821
2022-02-08 10:00:00,4194.5,2129.75,3442.75,2796.2914264597193,2652.657738095238,2013.4070583887658
2022-02-08 11:00:00,4548.75,2129.75,3232.5,2796.2914264597193,2652.657738095238,2013.2427322000492
2022-02-08 12:00:00,4706.25,2129.75,2920.25,2796.2914264597193,2652.657738095238,2013.0784060113328
2022-02-08 13:00:00,4688.0,2129.75,3166.5,2796.2914264597193,2652.657738095238,2012.9140798226165
2022-02-08 14:00:00,4541.25,2129.75,2951.5,2796.2914264597193,2652.657738095238,2012.7497536339
2022-02-08 15:00:00,4119.25,2129.75,3766.75,2796.2914264597193,2652.657738095238,2012.5854274451835
2022-02-08 16:00:00,4205.0,2129.75,3949.25,2796.2914264597193,2652.657738095238,2012.4211012564672
2022-02-08 17:00:00,5305.5,2129.75,4496.75,2796.2914264597193,2652.657738095238,2012.2567750677506
2022-02-08 18:00:00,5302.5,2129.75,4425.0,2796.2914264597193,2652.657738095238,2012.0924488790342
2022-02-08 19:00:00,5471.0,2129.75,4673.25,2796.2914264597193,2652.657738095238,2011.9281226903179
2022-02-08 20:00:00,5467.25,2129.75,5425.0,2796.2914264597193,2652.657738095238,2011.7637965016013
2022-02-08 21:00:00,5759.75,2129.75,6301.5,2796.2914264597193,2652.657738095238,2011.599470312885
2022-02-08 22:00:00,6059.75,2129.75,5485.5,2796.2914264597193,2652.657738095238,2011.4351441241686
2022-02-08 23:00:00,5822.75,2129.75,5994.0,2796.2914264597193,2652.657738095238,2011.270817935452
