timestamp,actual,sarima,ets
2022-01-09 23:00:00,1390.75,2284.8677154608054,2062.1201400177497
2022-01-10 00:00:00,1208.75,2465.44176604315,2050.0351026353937
2022-01-10 01:00:00,934.0,2562.709978590516,2027.181619623595
2022-01-10 02:00:00,728.25,2552.3308254171407,2003.439780042602
2022-01-10 03:00:00,669.5,2528.953538502679,1964.2500009905052
2022-01-10 04:00:00,759.0,2475.081635435716,1838.3713853323893
2022-01-10 05:00:00,668.75,2485.4341171501524,1608.9410357713061
2022-01-10 06:00:00,769.5,2515.7436962102042,1234.1381638404048
2022-01-10 07:00:00,879.5,2558.0980987978655,922.3588354809912
2022-01-10 08:00:00,881.5,2558.2899795917497,714.2568566074667
2022-01-10 09:00:00,868.25,2529.51761866467,633.3315564177224
2022-01-10 10:00:00,849.5,2506.4294635046576,692.7429139725765
2022-01-10 11:00:00,815.75,2430.2210371405836,867.6255878875534
2022-01-10 12:00:00,782.25,2413.508575218475,1109.4546541099357
2022-01-10 13:00:00,810.0,2381.003469954576,1284.163852163253
2022-01-10 14:00:00,813.5,2317.5739776053365,1408.3538906837625
2022-01-10 15:00:00,871.5,2197.2636234347738,1487.538577441288
2022-01-10 16:00:00,914.5,2026.8750692172298,1505.6115182770945
2022-01-10 17:00:00,983.75,1863.149721962761,1579.4496795650134
2022-01-10 18:00:00,1172.0,1721.1500845208761,1687.1090467393833
2022-01-10 19:00:00,1363.75,1684.6434846553725,1798.0535170945186
2022-01-10 20:00:00,1426.25,1704.4276180323473,1856.2860956956695
2022-01-10 21:00:00,1315.0,1787.812940953417,1858.3652272368133
2022-01-10 22:00:00,1404.25,1973.669874968588,1849.4860159581508
2022-01-10 23:00:00,1763.75,2242.4492236497376,1837.9089529130786
2022-01-11 00:00:00,2032.25,2456.0765399662796,1870.6661529516564
2022-01-11 01:00:00,2090.5,2565.1604247507607,1883.686459876605
2022-01-11 02:00:00,2272.5,2558.49440643661,1888.6436522450103
2022-01-11 03:00:00,2793.75,2535.7738798688433,1872.4130987524318
2022-01-11 04:00:00,3235.0,2484.1374683308923,1764.9018635419307
2022-01-11 05:00:00,3634.75,2498.3313431731126,1550.1654183389394
2022-01-11 06:00:00,4071.0,2530.3029414062707,1187.1176698945112
2022-01-11 07:00:00,4601.75,2571.7816096799525,884.7424403242763
2022-01-11 08:00:00,4553.75,2573.0738474173763,684.1637404820951
2022-01-11 09:00:00,4845.0,2545.2828925790454,609.257063517425
2022-01-11 10:00:00,4974.75,2520.765906911854,673.4833196523385
2022-01-11 11:00:00,4901.5,2444.408444273121,852.2179124313632
2022-01-11 12:00:00,4565.75,2430.7768698978366,1097.1285137449836
2022-01-11 13:00:00,4375.25,2401.209481693148,1274.3029398712913
2022-01-11 14:00:00,4145.5,2338.9332189687743,1400.4651608501931
2022-01-11 15:00:00,3919.75,2219.1824297759676,1481.2275935744326
2022-01-11 16:00:00,3579.0,2047.4612131423971,1500.5627311836101
2022-01-11 17:00:00,3084.75,1882.2236429082293,1575.410649890226
2022-01-11 18:00:00,2696.0,1737.657387026331,1683.8778229995532
2022-01-11 19:00:00,2471.75,1700.4364251568607,1795.4685381026547
2022-01-11 20:00:00,1788.0,1720.6871425140287,1854.2181125021784
2022-01-11 21:00:00,1187.25,1805.3394225542868,1856.7108406820205
2022-01-11 22:00:00,780.5,1992.914707982605,1848.1625067143168
2022-01-11 23:00:00,619.75,2262.440637134901,1836.850145518011
2022-01-12 00:00:00,616.5,2476.2850620922923,1869.8191070356024
2022-01-12 01:00:00,949.75,2585.4465574995993,1883.0088231437621
2022-01-12 02:00:00,773.75,2578.8049287168506,1888.101542858736
2022-01-12 03:00:00,929.5,2556.088716044945,1871.9794112434124
2022-01-12 04:00:00,1046.0,2504.466988215748,1764.554913534715
2022-01-12 05:00:00,1071.5,2518.6860950470705,1549.8878583331668
2022-01-12 06:00:00,999.75,2550.668610165917,1186.8956218898932
2022-01-12 07:00:00,1087.0,2592.14152622473,884.564801920582
2022-01-12 08:00:00,1458.75,2593.440991598973,684.0216297591394
2022-01-12 09:00:00,1698.5,2565.6564830750162,609.1433749390605
2022-01-12 10:00:00,2007.0,2541.1301122096465,673.3923687896471
2022-01-12 11:00:00,2001.25,2464.7716706339666,852.1451517412099
2022-01-12 12:00:00,2289.75,2451.1603329068002,1097.0703051928608
2022-01-12 13:00:00,2851.0,2421.612240942396,1274.2563730295933
2022-01-12 14:00:00,2989.75,2359.3435531462733,1400.4279073768348
2022-01-12 15:00:00,3514.0,2239.596439426648,1481.1977907957457
2022-01-12 16:00:00,3506.0,2067.866469269958,1500.5388889606606
2022-01-12 17:00:00,3588.5,1902.6189660785335,1575.3915761118665
2022-01-12 18:00:00,4132.25,1758.0358514981494,1683.8625639768657
2022-01-12 19:00:00,4481.75,1720.8101973793575,1795.4563308845047
2022-01-12 20:00:00,4575.75,1741.0639794689055,1854.2083467276584
2022-01-12 21:00:00,4323.0,1825.7245814504902,1856.7030280624044
2022-01-12 22:00:00,4520.25,2013.3111537798593,1848.156256618624
2022-01-12 23:00:00,4978.25,2282.841986806787,1836.8451454414567
2022-01-13 00:00:00,5126.25,2496.6878378308884,1869.815106974359
2022-01-13 01:00:00,5349.25,2605.8498430194973,1883.0056230947675
2022-01-13 02:00:00,5359.75,2599.2083744381052,1888.0989828195402
2022-01-13 03:00:00,5355.75,2576.4921901017983,1871.977363212056
2022-01-13 04:00:00,5411.5,2524.8705587217714,1764.5532751096298
2022-01-13 05:00:00,5190.75,2539.089831288089,1549.8865475930984
2022-01-13 06:00:00,5120.75,2571.0724181139267,1186.8945732978386
2022-01-13 07:00:00,5139.25,2612.545296389618,884.5639630469383
2022-01-13 08:00:00,5328.5,2613.844809238214,684.0209586602246
2022-01-13 09:00:00,5603.75,2586.0603430565347,609.1428380599284
2022-01-13 10:00:00,5714.5,2561.5339105449834,673.3919392863414
2022-01-13 11:00:00,5339.5,2485.1754625392077,852.1448081385654
2022-01-13 12:00:00,5162.75,2471.564257735402,1097.0700303107456
2022-01-13 13:00:00,5167.0,2442.0162925173386,1274.256153123901
2022-01-13 14:00:00,5138.0,2379.747654476734,1400.4277314522808
2022-01-13 15:00:00,4901.0,2260.0005648992615,1481.1976500561027
2022-01-13 16:00:00,4858.25,2088.270537245514,1500.538776368946
2022-01-13 17:00:00,4834.0,1923.0229688099819,1575.3914860384948
2022-01-13 18:00:00,4927.0,1778.4397434941218,1683.8624919181684
2022-01-13 19:00:00,4951.75,1741.2140585545365,1795.4562732375468
2022-01-13 20:00:00,4922.5,1761.467860774618,1854.208300610092
2022-01-13 21:00:00,5310.75,1846.128517418438,1856.7029911683514
2022-01-13 22:00:00,6208.75,2033.7151638852235,1848.1562271033813
2022-01-13 23:00:00,6568.75,2303.246029122995,1836.8451218292628
2022-01-14 00:00:00,6720.25,2517.0918895141403,1869.815088084604
2022-01-14 01:00:00,6835.5,2626.2538980512213,1883.0056079829633
2022-01-14 02:00:00,6592.0,2619.6124305221033,1888.0989707300969
2022-01-14 03:00:00,6404.0,2596.896246371917,1871.977353540501
2022-01-14 04:00:00,6048.5,2545.274615625412,1764.553267372386
2022-01-14 05:00:00,5152.0,2559.493889280351,1549.8865414033035
2022-01-14 06:00:00,4830.5,2591.4764765771924,1186.8945683460026
2022-01-14 07:00:00,4944.0,2632.9493546047074,884.5639590854695
2022-01-14 08:00:00,4845.75,2634.2488677651363,684.0209554910496
2022-01-14 09:00:00,4315.25,2606.46440186158,609.1428355245885
2022-01-14 10:00:00,3885.5,2581.937968945109,673.3919372580696
2022-01-14 11:00:00,3581.5,2505.5795208970976,852.144806515948
2022-01-14 12:00:00,2863.0,2491.9683169663913,1097.070029012651
2022-01-14 13:00:00,2540.25,2462.4203525808557,1274.2561520854256
2022-01-14 14:00:00,2238.5,2400.1517148670678,1400.4277306215006
2022-01-14 15:00:00,2085.5,2280.404625448172,1481.1976493914785
2022-01-14 16:00:00,1895.25,2108.674597416758,1500.5387758372467
2022-01-14 17:00:00,1862.25,1943.427028552673,1575.391485613135
2022-01-14 18:00:00,1543.5,1798.8438025094529,1683.8624915778807
2022-01-14 19:00:00,1271.5,1761.6181173674229,1795.4562729653167
2022-01-14 20:00:00,1009.25,1781.8719197197308,1854.208300392308
2022-01-14 21:00:00,759.25,1866.5325767225966,1856.702990994124
2022-01-14 22:00:00,635.25,2054.11922367635,1848.1562269639994
2022-01-14 23:00:00,568.0,2323.650089125697,1836.8451217177574
2022-01-15 00:00:00,496.5,2537.4959495783696,1869.8150879953996
2022-01-15 01:00:00,474.0,2646.6579581374444,1883.0056079115998
2022-01-15 02:00:00,433.75,2640.016490615238,1888.098970673006
2022-01-15 03:00:00,362.75,2617.300306466275,1871.9773534948285
2022-01-15 04:00:00,239.25,2565.6786757239306,1764.553267335848
2022-01-15 05:00:00,147.5,2579.89794938602,1549.886541374073
2022-01-15 06:00:00,150.5,2611.8805366859556,1186.8945683226182
2022-01-15 07:00:00,276.0,2653.3534147118403,884.5639590667621
2022-01-15 08:00:00,439.0,2654.652927874318,684.0209554760834
2022-01-15 09:00:00,786.5,2626.868461972588,609.1428355126156
2022-01-15 10:00:00,1035.25,2602.3420290534573,673.3919372484912
2022-01-15 11:00:00,1012.0,2525.983581005169,852.1448065082852
2022-01-15 12:00:00,1012.75,2512.372377080198,1097.070029006521
2022-01-15 13:00:00,1079.75,2482.8244127001303,1274.2561520805214
2022-01-15 14:00:00,1101.5,2420.5557749884892,1400.4277306175773
2022-01-15 15:00:00,1166.0,2300.808685570635,1481.1976493883399
2022-01-15 16:00:00,1254.5,2129.07865753674,1500.538775834736
2022-01-15 17:00:00,1506.5,1963.8310886698405,1575.3914856111264
2022-01-15 18:00:00,1904.5,1819.2478626218424,1683.862491576274
2022-01-15 19:00:00,2203.0,1782.0221774784827,1795.456272964031
2022-01-15 20:00:00,2577.75,1802.275979831659,1854.2083003912796
2022-01-15 21:00:00,2806.25,1886.936636836883,1856.7029909933015
2022-01-15 22:00:00,3072.25,2074.5232837938356,1848.1562269633414
2022-01-15 23:00:00,3337.25,2344.054149244572,1836.8451217172308
2022-01-16 00:00:00,3425.25,2557.900009697649,1869.8150879949783
2022-01-16 01:00:00,3298.0,2667.062018256868,1883.0056079112628
2022-01-16 02:00:00,3287.75,2660.4205507347074,1888.0989706727364
2022-01-16 03:00:00,3984.25,2637.7043665857523,1871.977353494613
2022-01-16 04:00:00,4565.75,2586.0827358434353,1764.5532673356756
2022-01-16 05:00:00,4440.25,2600.302009505572,1549.886541373935
2022-01-16 06:00:00,4257.0,2632.2845968055276,1186.8945683225077
2022-01-16 07:00:00,4914.75,2673.757474831402,884.5639590666736
2022-01-16 08:00:00,5355.0,2675.0569879938926,684.0209554760129
2022-01-16 09:00:00,4862.25,2647.2725220921743,609.1428355125593
2022-01-16 10:00:00,4827.5,2622.746089173027,673.391937248446
2022-01-16 11:00:00,5930.75,2546.387641124736,852.1448065082491
2022-01-16 12:00:00,5992.5,2532.776437199803,1097.0700290064924
2022-01-16 13:00:00,5899.25,2503.228472819771,1274.2561520804984
2022-01-16 14:00:00,5854.0,2440.959835108144,1400.4277306175588
2022-01-16 15:00:00,5614.25,2321.2127456902963,1481.1976493883249
2022-01-16 16:00:00,5328.5,2149.4827176563854,1500.5387758347238
2022-01-16 17:00:00,5070.25,1984.235148789467,1575.3914856111169
2022-01-16 18:00:00,4942.75,1839.6519227414378,1683.8624915762662
2022-01-16 19:00:00,4391.5,1802.4262375980693,1795.456272964025
2022-01-16 20:00:00,4666.0,1822.6800399512515,1854.2083003912746
2022-01-16 21:00:00,4705.75,1907.3406969564912,1856.7029909932974
2022-01-16 22:00:00,4700.75,2094.9273439134645,1848.1562269633382
2022-01-16 23:00:00,5004.5,2364.45820936421,1836.8451217172283
2022-01-17 00:00:00,5302.0,2578.3040698172895,1869.8150879949762
2022-01-17 01:00:00,5105.25,2687.4660783765094,1883.005607911261
2022-01-17 02:00:00,4816.75,2680.824610854349,1888.098970672735
2022-01-17 03:00:00,4777.25,2658.108426705394,1871.9773534946116
2022-01-17 04:00:00,4425.0,2606.486795963077,1764.5532673356747
2022-01-17 05:00:00,3737.5,2620.7060696252142,1549.8865413739343
2022-01-17 06:00:00,3891.75,2652.6886569251697,1186.8945683225072
2022-01-17 07:00:00,4053.75,2694.161534951044,884.5639590666732
2022-01-17 08:00:00,4772.75,2695.461048113534,684.0209554760124
2022-01-17 09:00:00,4976.25,2667.6765822118173,609.1428355125588
2022-01-17 10:00:00,4972.75,2643.150149292669,673.3919372484457
2022-01-17 11:00:00,4969.25,2566.7917012443786,852.1448065082488
2022-01-17 12:00:00,4967.25,2553.1804973194457,1097.070029006492
2022-01-17 13:00:00,4951.75,2523.6325329394144,1274.2561520804982
2022-01-17 14:00:00,5229.75,2461.363895227787,1400.4277306175586
2022-01-17 15:00:00,5331.0,2341.6168058099393,1481.1976493883249
2022-01-17 16:00:00,5460.75,2169.886777776029,1500.5387758347238
2022-01-17 17:00:00,5705.25,2004.6392089091103,1575.3914856111169
2022-01-17 18:00:00,5538.0,1860.055982861081,1683.8624915762662
2022-01-17 19:00:00,4335.5,1822.8302977177125,1795.456272964025
2022-01-17 20:00:00,3699.25,1843.0841000708947,1854.2083003912746
2022-01-17 21:00:00,3226.0,1927.7447570761344,1856.7029909932974
2022-01-17 22:00:00,3224.25,2115.331404033108,1848.1562269633382
2022-01-17 23:00:00,3328.75,2384.862269483853,1836.8451217172283
2022-01-18 00:00:00,3292.25,2598.7081299369324,1869.8150879949762
2022-01-18 01:00:00,3118.0,2707.870138496153,1883.005607911261
2022-01-18 02:00:00,3059.0,2701.2286709739924,1888.098970672735
2022-01-18 03:00:00,2638.5,2678.5124868250373,1871.9773534946116
2022-01-18 04:00:00,2133.0,2626.8908560827203,1764.5532673356747
2022-01-18 05:00:00,1542.0,2641.1101297448577,1549.8865413739343
2022-01-18 06:00:00,967.25,2673.092717044813,1186.8945683225072
2022-01-18 07:00:00,608.75,2714.5655950706873,884.5639590666732
2022-01-18 08:00:00,734.0,2715.865108233178,684.0209554760124
2022-01-18 09:00:00,1072.0,2688.0806423314607,609.1428355125588
2022-01-18 10:00:00,1684.0,2663.5542094123125,673.3919372484457
2022-01-18 11:00:00,2220.5,2587.195761364022,852.1448065082488
2022-01-18 12:00:00,2627.25,2573.584557439089,1097.070029006492
2022-01-18 13:00:00,2772.75,2544.0365930590574,1274.2561520804982
2022-01-18 14:00:00,3239.5,2481.7679553474304,1400.4277306175586
2022-01-18 15:00:00,3079.5,2362.020865929583,1481.1976493883249
2022-01-18 16:00:00,3106.25,2190.2908378956718,1500.5387758347238
2022-01-18 17:00:00,3262.25,2025.0432690287535,1575.3914856111169
2022-01-18 18:00:00,3485.25,1880.460042980724,1683.8624915762662
2022-01-18 19:00:00,3484.5,1843.2343578373554,1795.456272964025
2022-01-18 20:00:00,4429.0,1863.4881601905377,1854.2083003912746
2022-01-18 21:00:00,5294.5,1948.1488171957774,1856.7029909932974
2022-01-18 22:00:00,5299.75,2135.735464152751,1848.1562269633382
2022-01-18 23:00:00,5906.75,2405.266329603496,1836.8451217172283
2022-01-19 00:00:00,6479.0,2619.1121900565754,1869.8150879949762
2022-01-19 01:00:00,6661.0,2728.2741986157957,1883.005607911261
2022-01-19 02:00:00,6304.0,2721.6327310936354,1888.098970672735
2022-01-19 03:00:00,6117.0,2698.9165469446802,1871.9773534946116
2022-01-19 04:00:00,6754.5,2647.2949162023633,1764.5532673356747
2022-01-19 05:00:00,6825.5,2661.5141898645006,1549.8865413739343
2022-01-19 06:00:00,6870.0,2693.496777164456,1186.8945683225072
2022-01-19 07:00:00,6821.75,2734.9696551903303,884.5639590666732
2022-01-19 08:00:00,6887.75,2736.269168352821,684.0209554760124
2022-01-19 09:00:00,6658.0,2708.4847024511037,609.1428355125588
2022-01-19 10:00:00,6579.0,2683.9582695319555,673.3919372484457
2022-01-19 11:00:00,6508.5,2607.599821483665,852.1448065082488
2022-01-19 12:00:00,6541.0,2593.988617558732,1097.070029006492
2022-01-19 13:00:00,6685.25,2564.4406531787004,1274.2561520804982
2022-01-19 14:00:00,6029.75,2502.1720154670734,1400.4277306175586
2022-01-19 15:00:00,5753.0,2382.424926049226,1481.1976493883249
2022-01-19 16:00:00,5743.0,2210.6948980153147,1500.5387758347238
2022-01-19 17:00:00,5597.75,2045.4473291483964,1575.3914856111169
2022-01-19 18:00:00,5604.25,1900.864103100367,1683.8624915762662
2022-01-19 19:00:00,5940.0,1863.6384179569984,1795.456272964025
2022-01-19 20:00:00,5792.5,1883.8922203101806,1854.2083003912746
2022-01-19 21:00:00,5694.0,1968.5528773154203,1856.7029909932974
2022-01-19 22:00:00,5907.75,2156.139524272394,1848.1562269633382
2022-01-19 23:00:00,6117.0,2425.670389723139,1836.8451217172283
2022-01-20 00:00:00,6005.25,2639.5162501762184,1869.8150879949762
2022-01-20 01:00:00,5580.0,2748.6782587354387,1883.005607911261
2022-01-20 02:00:00,5417.0,2742.0367912132783,1888.098970672735
2022-01-20 03:00:00,5417.5,2719.320607064323,1871.9773534946116
2022-01-20 04:00:00,5274.75,2667.6989763220063,1764.5532673356747
2022-01-20 05:00:00,5119.0,2681.9182499841436,1549.8865413739343
2022-01-20 06:00:00,5117.75,2713.900837284099,1186.8945683225072
2022-01-20 07:00:00,5278.25,2755.3737153099732,884.5639590666732
2022-01-20 08:00:00,5625.0,2756.673228472464,684.0209554760124
2022-01-20 09:00:00,5709.0,2728.8887625707466,609.1428355125588
2022-01-20 10:00:00,5654.5,2704.3623296515984,673.3919372484457
2022-01-20 11:00:00,5595.0,2628.003881603308,852.1448065082488
2022-01-20 12:00:00,5534.75,2614.392677678375,1097.070029006492
2022-01-20 13:00:00,5527.0,2584.8447132983433,1274.2561520804982
2022-01-20 14:00:00,5979.0,2522.5760755867163,1400.4277306175586
2022-01-20 15:00:00,6248.5,2402.828986168869,1481.1976493883249
2022-01-20 16:00:00,6114.25,2231.0989581349577,1500.5387758347238
2022-01-20 17:00:00,6112.0,2065.8513892680394,1575.3914856111169
2022-01-20 18:00:00,6279.75,1921.26816322001,1683.8624915762662
2022-01-20 19:00:00,6391.75,1884.0424780766414,1795.456272964025
2022-01-20 20:00:00,6585.25,1904.2962804298236,1854.2083003912746
2022-01-20 21:00:00,6988.25,1988.9569374350633,1856.7029909932974
2022-01-20 22:00:00,6929.75,2176.543584392037,1848.1562269633382
2022-01-20 23:00:00,6825.5,2446.074449842782,1836.8451217172283
2022-01-21 00:00:00,6640.25,2659.9203102958613,1869.8150879949762
2022-01-21 01:00:00,6533.75,2769.0823188550817,1883.005607911261
2022-01-21 02:00:00,6479.25,2762.4408513329213,1888.098970672735
2022-01-21 03:00:00,6540.75,2739.724667183966,1871.9773534946116
2022-01-21 04:00:00,6817.75,2688.1030364416492,1764.5532673356747
2022-01-21 05:00:00,6456.25,2702.3223101037865,1549.8865413739343
2022-01-21 06:00:00,6040.25,2734.304897403742,1186.8945683225072
2022-01-21 07:00:00,5775.0,2775.777775429616,884.5639590666732
2022-01-21 08:00:00,5211.25,2777.077288592107,684.0209554760124
2022-01-21 09:00:00,5090.25,2749.2928226903896,609.1428355125588
2022-01-21 10:00:00,4950.5,2724.7663897712414,673.3919372484457
2022-01-21 11:00:00,4905.25,2648.407941722951,852.1448065082488
2022-01-21 12:00:00,5571.5,2634.796737798018,1097.070029006492
2022-01-21 13:00:00,6660.5,2605.2487734179863,1274.2561520804982
2022-01-21 14:00:00,6983.0,2542.9801357063593,1400.4277306175586
2022-01-21 15:00:00,6869.75,2423.233046288512,1481.1976493883249
2022-01-21 16:00:00,6570.25,2251.5030182546006,1500.5387758347238
2022-01-21 17:00:00,6277.25,2086.2554493876823,1575.3914856111169
2022-01-21 18:00:00,6197.5,1941.6722233396529,1683.8624915762662
2022-01-21 19:00:00,6127.0,1904.4465381962843,1795.456272964025
2022-01-21 20:00:00,5932.25,1924.7003405494665,1854.2083003912746
2022-01-21 21:00:00,5920.5,2009.3609975547063,1856.7029909932974
2022-01-21 22:00:00,5849.0,2196.9476445116798,1848.1562269633382
2022-01-21 23:00:00,5648.5,2466.478509962425,1836.8451217172283
2022-01-22 00:00:00,5706.5,2680.3243704155043,1869.8150879949762
2022-01-22 01:00:00,5507.25,2789.4863789747246,1883.005607911261
2022-01-22 02:00:00,4951.5,2782.8449114525642,1888.098970672735
2022-01-22 03:00:00,4530.0,2760.128727303609,1871.9773534946116
2022-01-22 04:00:00,4126.0,2708.507096561292,1764.5532673356747
2022-01-22 05:00:00,4366.25,2722.7263702234295,1549.8865413739343
2022-01-22 06:00:00,4076.75,2754.708957523385,1186.8945683225072
2022-01-22 07:00:00,3592.0,2796.181835549259,884.5639590666732
2022-01-22 08:00:00,3132.0,2797.48134871175,684.0209554760124
2022-01-22 09:00:00,2512.0,2769.6968828100325,609.1428355125588
2022-01-22 10:00:00,2276.75,2745.1704498908844,673.3919372484457
2022-01-22 11:00:00,2022.25,2668.812001842594,852.1448065082488
2022-01-22 12:00:00,1918.5,2655.200797917661,1097.070029006492
2022-01-22 13:00:00,1708.75,2625.6528335376292,1274.2561520804982
2022-01-22 14:00:00,1577.75,2563.3841958260023,1400.4277306175586
2022-01-22 15:00:00,1626.0,2443.637106408155,1481.1976493883249
2022-01-22 16:00:00,1805.25,2271.9070783742436,1500.5387758347238
2022-01-22 17:00:00,1738.5,2106.6595095073253,1575.3914856111169
2022-01-22 18:00:00,1560.5,1962.0762834592958,1683.8624915762662
2022-01-22 19:00:00,1338.25,1924.8505983159273,1795.456272964025
2022-01-22 20:00:00,1636.5,1945.1044006691095,1854.2083003912746
2022-01-22 21:00:00,1843.25,2029.7650576743492,1856.7029909932974
2022-01-22 22:00:00,2085.25,2217.3517046313227,1848.1562269633382
2022-01-22 23:00:00,1892.75,2486.882570082068,1836.8451217172283
2022-01-23 00:00:00,1837.75,2700.7284305351473,1869.8150879949762
2022-01-23 01:00:00,1581.25,2809.8904390943676,1883.005607911261
2022-01-23 02:00:00,1455.75,2803.248971572207,1888.098970672735
2022-01-23 03:00:00,1259.75,2780.532787423252,1871.9773534946116
2022-01-23 04:00:00,1217.25,2728.911156680935,1764.5532673356747
2022-01-23 05:00:00,1333.25,2743.1304303430725,1549.8865413739343
2022-01-23 06:00:00,1552.5,2775.113017643028,1186.8945683225072
2022-01-23 07:00:00,1646.5,2816.585895668902,884.5639590666732
2022-01-23 08:00:00,1626.0,2817.885408831393,684.0209554760124
2022-01-23 09:00:00,1713.75,2790.1009429296755,609.1428355125588
2022-01-23 10:00:00,1848.75,2765.5745100105273,673.3919372484457
2022-01-23 11:00:00,1725.25,2689.216061962237,852.1448065082488
2022-01-23 12:00:00,1681.0,2675.604858037304,1097.070029006492
2022-01-23 13:00:00,1650.75,2646.056893657272,1274.2561520804982
2022-01-23 14:00:00,1428.5,2583.7882559456452,1400.4277306175586
2022-01-23 15:00:00,1270.5,2464.041166527798,1481.1976493883249
2022-01-23 16:00:00,1128.25,2292.3111384938866,1500.5387758347238
2022-01-23 17:00:00,896.0,2127.0635696269683,1575.3914856111169
2022-01-23 18:00:00,1060.25,1982.4803435789388,1683.8624915762662
2022-01-23 19:00:00,1259.75,1945.2546584355703,1795.456272964025
2022-01-23 20:00:00,1489.0,1965.5084607887525,1854.2083003912746
2022-01-23 21:00:00,1751.75,2050.1691177939924,1856.7029909932974
2022-01-23 22:00:00,1716.75,2237.755764750966,1848.1562269633382
2022-01-23 23:00:00,1999.25,2507.2866302017114,1836.8451217172283
2022-01-24 00:00:00,2465.75,2721.1324906547907,1869.8150879949762
2022-01-24 01:00:00,2695.0,2830.294499214011,1883.005607911261
2022-01-24 02:00:00,2762.0,2823.6530316918506,1888.098970672735
2022-01-24 03:00:00,2794.75,2800.9368475428955,1871.9773534946116
2022-01-24 04:00:00,2722.0,2749.3152168005786,1764.5532673356747
2022-01-24 05:00:00,2547.5,2763.534490462716,1549.8865413739343
2022-01-24 06:00:00,2530.0,2795.5170777626713,1186.8945683225072
2022-01-24 07:00:00,2447.5,2836.9899557885456,884.5639590666732
2022-01-24 08:00:00,2517.5,2838.2894689510363,684.0209554760124
2022-01-24 09:00:00,2734.5,2810.505003049319,609.1428355125588
2022-01-24 10:00:00,2820.5,2785.9785701301707,673.3919372484457
2022-01-24 11:00:00,2888.25,2709.6201220818803,852.1448065082488
2022-01-24 12:00:00,2946.5,2696.0089181569474,1097.070029006492
2022-01-24 13:00:00,2724.5,2666.4609537769156,1274.2561520804982
2022-01-24 14:00:00,2429.0,2604.1923160652887,1400.4277306175586
2022-01-24 15:00:00,2069.5,2484.4452266474414,1481.1976493883249
2022-01-24 16:00:00,1797.75,2312.7151986135304,1500.5387758347238
2022-01-24 17:00:00,1554.25,2147.467629746612,1575.3914856111169
2022-01-24 18:00:00,1545.25,2002.8844036985827,1683.8624915762662
2022-01-24 19:00:00,1472.25,1965.6587185552141,1795.456272964025
2022-01-24 20:00:00,1457.5,1985.9125209083963,1854.2083003912746
2022-01-24 21:00:00,1485.25,2070.5731779136363,1856.7029909932974
2022-01-24 22:00:00,1515.0,2258.15982487061,1848.1562269633382
2022-01-24 23:00:00,1692.0,2527.6906903213553,1836.8451217172283
2022-01-25 00:00:00,1897.25,2741.5365507744345,1869.8150879949762
2022-01-25 01:00:00,1993.5,2850.698559333655,1883.005607911261
2022-01-25 02:00:00,1934.25,2844.0570918114945,1888.098970672735
2022-01-25 03:00:00,1934.25,2821.3409076625394,1871.9773534946116
2022-01-25 04:00:00,1854.5,2769.7192769202225,1764.5532673356747
2022-01-25 05:00:00,1706.0,2783.9385505823598,1549.8865413739343
2022-01-25 06:00:00,1587.0,2815.921137882315,1186.8945683225072
2022-01-25 07:00:00,1429.75,2857.3940159081894,884.5639590666732
2022-01-25 08:00:00,1426.25,2858.69352907068,684.0209554760124
2022-01-25 09:00:00,1403.5,2830.909063168963,609.1428355125588
2022-01-25 10:00:00,1382.0,2806.3826302498146,673.3919372484457
2022-01-25 11:00:00,1505.5,2730.024182201524,852.1448065082488
2022-01-25 12:00:00,1701.75,2716.4129782765913,1097.070029006492
2022-01-25 13:00:00,1709.25,2686.8650138965595,1274.2561520804982
2022-01-25 14:00:00,1804.5,2624.5963761849325,1400.4277306175586
2022-01-25 15:00:00,1737.0,2504.8492867670852,1481.1976493883249
2022-01-25 16:00:00,1740.0,2333.1192587331743,1500.5387758347238
2022-01-25 17:00:00,1687.0,2167.871689866256,1575.3914856111169
2022-01-25 18:00:00,1746.0,2023.2884638182265,1683.8624915762662
2022-01-25 19:00:00,1704.0,1986.062778674858,1795.456272964025
2022-01-25 20:00:00,1903.75,2006.3165810280402,1854.2083003912746
2022-01-25 21:00:00,2216.5,2090.97723803328,1856.7029909932974
2022-01-25 22:00:00,2759.75,2278.563884990254,1848.1562269633382
2022-01-25 23:00:00,3471.5,2548.094750440999,1836.8451217172283
2022-01-26 00:00:00,4017.0,2761.9406108940784,1869.8150879949762
2022-01-26 01:00:00,4574.25,2871.1026194532988,1883.005607911261
2022-01-26 02:00:00,5030.0,2864.4611519311384,1888.098970672735
2022-01-26 03:00:00,5317.5,2841.7449677821833,1871.9773534946116
2022-01-26 04:00:00,5767.75,2790.1233370398663,1764.5532673356747
2022-01-26 05:00:00,6238.75,2804.3426107020036,1549.8865413739343
2022-01-26 06:00:00,5700.75,2836.325198001959,1186.8945683225072
2022-01-26 07:00:00,5286.0,2877.7980760278333,884.5639590666732
2022-01-26 08:00:00,4987.75,2879.097589190324,684.0209554760124
2022-01-26 09:00:00,4823.0,2851.3131232886067,609.1428355125588
2022-01-26 10:00:00,4857.75,2826.7866903694585,673.3919372484457
2022-01-26 11:00:00,5390.25,2750.428242321168,852.1448065082488
2022-01-26 12:00:00,5574.25,2736.817038396235,1097.070029006492
2022-01-26 13:00:00,5545.0,2707.2690740162034,1274.2561520804982
2022-01-26 14:00:00,5317.25,2645.0004363045764,1400.4277306175586
2022-01-26 15:00:00,4957.5,2525.253346886729,1481.1976493883249
2022-01-26 16:00:00,5099.75,2353.523318852818,1500.5387758347238
2022-01-26 17:00:00,5377.25,2188.2757499859,1575.3914856111169
2022-01-26 18:00:00,5850.25,2043.6925239378704,1683.8624915762662
2022-01-26 19:00:00,5983.0,2006.4668387945019,1795.456272964025
2022-01-26 20:00:00,5588.5,2026.720641147684,1854.2083003912746
2022-01-26 21:00:00,5406.0,2111.381298152924,1856.7029909932974
2022-01-26 22:00:00,5408.25,2298.9679451098978,1848.1562269633382
2022-01-26 23:00:00,5125.25,2568.498810560643,1836.8451217172283
2022-01-27 00:00:00,5005.0,2782.3446710137223,1869.8150879949762
2022-01-27 01:00:00,5015.25,2891.5066795729426,1883.005607911261
2022-01-27 02:00:00,5005.5,2884.8652120507822,1888.098970672735
2022-01-27 03:00:00,4996.75,2862.149027901827,1871.9773534946116
2022-01-27 04:00:00,4998.25,2810.52739715951,1764.5532673356747
2022-01-27 05:00:00,4981.25,2824.7466708216475,1549.8865413739343
2022-01-27 06:00:00,4698.25,2856.729258121603,1186.8945683225072
2022-01-27 07:00:00,4666.75,2898.202136147477,884.5639590666732
2022-01-27 08:00:00,4775.0,2899.501649309968,684.0209554760124
2022-01-27 09:00:00,4626.0,2871.7171834082505,609.1428355125588
2022-01-27 10:00:00,4631.0,2847.1907504891024,673.3919372484457
2022-01-27 11:00:00,4581.0,2770.832302440812,852.1448065082488
2022-01-27 12:00:00,4559.5,2757.221098515879,1097.070029006492
2022-01-27 13:00:00,4691.25,2727.6731341358472,1274.2561520804982
2022-01-27 14:00:00,5304.5,2665.4044964242203,1400.4277306175586
2022-01-27 15:00:00,5306.0,2545.657407006373,1481.1976493883249
2022-01-27 16:00:00,5283.75,2373.927378972462,1500.5387758347238
2022-01-27 17:00:00,5186.5,2208.6798101055438,1575.3914856111169
2022-01-27 18:00:00,5025.0,2064.0965840575145,1683.8624915762662
2022-01-27 19:00:00,5229.0,2026.870898914146,1795.456272964025
2022-01-27 20:00:00,5247.75,2047.1247012673282,1854.2083003912746
2022-01-27 21:00:00,5271.5,2131.785358272568,1856.7029909932974
2022-01-27 22:00:00,5266.25,2319.3720052295416,1848.1562269633382
2022-01-27 23:00:00,5051.5,2588.902870680287,1836.8451217172283
2022-01-28 00:00:00,4917.5,2802.748731133366,1869.8150879949762
2022-01-28 01:00:00,4903.75,2911.9107396925865,1883.005607911261
2022-01-28 02:00:00,5014.25,2905.269272170426,1888.098970672735
2022-01-28 03:00:00,4984.5,2882.553088021471,1871.9773534946116
2022-01-28 04:00:00,5160.5,2830.931457279154,1764.5532673356747
2022-01-28 05:00:00,4989.75,2845.1507309412914,1549.8865413739343
2022-01-28 06:00:00,5002.5,2877.133318241247,1186.8945683225072
2022-01-28 07:00:00,5344.5,2918.606196267121,884.5639590666732
2022-01-28 08:00:00,5083.5,2919.9057094296118,684.0209554760124
2022-01-28 09:00:00,4113.25,2892.1212435278944,609.1428355125588
2022-01-28 10:00:00,2971.5,2867.5948106087462,673.3919372484457
2022-01-28 11:00:00,2343.0,2791.2363625604557,852.1448065082488
2022-01-28 12:00:00,2321.5,2777.625158635523,1097.070029006492
2022-01-28 13:00:00,2792.5,2748.077194255491,1274.2561520804982
2022-01-28 14:00:00,2881.25,2685.808556543864,1400.4277306175586
2022-01-28 15:00:00,3285.0,2566.061467126017,1481.1976493883249
2022-01-28 16:00:00,4027.75,2394.331439092106,1500.5387758347238
2022-01-28 17:00:00,4906.75,2229.0838702251876,1575.3914856111169
2022-01-28 18:00:00,5488.0,2084.5006441771584,1683.8624915762662
2022-01-28 19:00:00,5815.5,2047.2749590337899,1795.456272964025
2022-01-28 20:00:00,6083.5,2067.528761386972,1854.2083003912746
2022-01-28 21:00:00,6252.5,2152.189418392212,1856.7029909932974
2022-01-28 22:00:00,6340.5,2339.7760653491855,1848.1562269633382
2022-01-28 23:00:00,6006.0,2609.306930799931,1836.8451217172283
2022-01-29 00:00:00,5833.75,2823.15279125301,1869.8150879949762
2022-01-29 01:00:00,5551.5,2932.3147998122304,1883.005607911261
2022-01-29 02:00:00,5456.25,2925.67333229007,1888.098970672735
2022-01-29 03:00:00,5105.75,2902.957148141115,1871.9773534946116
2022-01-29 04:00:00,4801.0,2851.335517398798,1764.5532673356747
2022-01-29 05:00:00,4690.75,2865.5547910609353,1549.8865413739343
2022-01-29 06:00:00,4632.25,2897.5373783608907,1186.8945683225072
2022-01-29 07:00:00,4806.0,2939.010256386765,884.5639590666732
2022-01-29 08:00:00,4442.0,2940.3097695492556,684.0209554760124
2022-01-29 09:00:00,4390.0,2912.5253036475383,609.1428355125588
2022-01-29 10:00:00,4379.0,2887.99887072839,673.3919372484457
2022-01-29 11:00:00,4375.5,2811.6404226800996,852.1448065082488
2022-01-29 12:00:00,4290.0,2798.0292187551668,1097.070029006492
2022-01-29 13:00:00,3873.5,2768.481254375135,1274.2561520804982
2022-01-29 14:00:00,3710.5,2706.212616663508,1400.4277306175586
2022-01-29 15:00:00,3484.5,2586.4655272456607,1481.1976493883249
2022-01-29 16:00:00,3744.5,2414.73549921175,1500.5387758347238
2022-01-29 17:00:00,3967.25,2249.4879303448315,1575.3914856111169
2022-01-29 18:00:00,3896.75,2104.9047042968023,1683.8624915762662
2022-01-29 19:00:00,4045.75,2067.6790191534337,1795.456272964025
2022-01-29 20:00:00,4553.5,2087.9328215066157,1854.2083003912746
2022-01-29 21:00:00,4831.75,2172.5934785118557,1856.7029909932974
2022-01-29 22:00:00,4906.5,2360.1801254688294,1848.1562269633382
2022-01-29 23:00:00,4907.5,2629.7109909195747,1836.8451217172283
2022-01-30 00:00:00,4711.75,2843.556851372654,1869.8150879949762
2022-01-30 01:00:00,4701.75,2952.7188599318742,1883.005607911261
2022-01-30 02:00:00,4961.25,2946.077392409714,1888.098970672735
2022-01-30 03:00:00,5139.75,2923.3612082607588,1871.9773534946116
2022-01-30 04:00:00,5156.25,2871.739577518442,1764.5532673356747
2022-01-30 05:00:00,5142.5,2885.958851180579,1549.8865413739343
2022-01-30 06:00:00,5132.75,2917.9414384805345,1186.8945683225072
2022-01-30 07:00:00,5109.75,2959.414316506409,884.5639590666732
2022-01-30 08:00:00,4930.5,2960.7138296688995,684.0209554760124
2022-01-30 09:00:00,4604.5,2932.929363767182,609.1428355125588
2022-01-30 10:00:00,4338.0,2908.402930848034,673.3919372484457
2022-01-30 11:00:00,4699.5,2832.0444827997435,852.1448065082488
2022-01-30 12:00:00,4029.5,2818.4332788748106,1097.070029006492
2022-01-30 13:00:00,3880.25,2788.885314494779,1274.2561520804982
2022-01-30 14:00:00,3607.75,2726.616676783152,1400.4277306175586
2022-01-30 15:00:00,3302.75,2606.8695873653046,1481.1976493883249
2022-01-30 16:00:00,4267.25,2435.1395593313937,1500.5387758347238
2022-01-30 17:00:00,5119.5,2269.8919904644754,1575.3914856111169
2022-01-30 18:00:00,4824.25,2125.308764416446,1683.8624915762662
2022-01-30 19:00:00,4316.5,2088.0830792730776,1795.456272964025
2022-01-30 20:00:00,3909.0,2108.3368816262596,1854.2083003912746
2022-01-30 21:00:00,4576.5,2192.9975386314995,1856.7029909932974
2022-01-30 22:00:00,5664.5,2380.5841855884732,1848.1562269633382
2022-01-30 23:00:00,5883.0,2650.1150510392185,1836.8451217172283
2022-01-31 00:00:00,6367.5,2863.960911492298,1869.8150879949762
2022-01-31 01:00:00,6282.25,2973.122920051518,1883.005607911261
2022-01-31 02:00:00,5347.25,2966.4814525293577,1888.098970672735
2022-01-31 03:00:00,4424.0,2943.7652683804026,1871.9773534946116
2022-01-31 04:00:00,4673.0,2892.1436376380857,1764.5532673356747
2022-01-31 05:00:00,3587.0,2906.362911300223,1549.8865413739343
2022-01-31 06:00:00,2168.25,2938.3454986001784,1186.8945683225072
2022-01-31 07:00:00,1890.0,2979.8183766260527,884.5639590666732
2022-01-31 08:00:00,2016.25,2981.1178897885434,684.0209554760124
2022-01-31 09:00:00,1924.0,2953.333423886826,609.1428355125588
2022-01-31 10:00:00,1859.75,2928.806990967678,673.3919372484457
2022-01-31 11:00:00,1638.5,2852.4485429193874,852.1448065082488
2022-01-31 12:00:00,1338.25,2838.8373389944545,1097.070029006492
2022-01-31 13:00:00,1652.75,2809.2893746144227,1274.2561520804982
2022-01-31 14:00:00,2103.5,2747.0207369027958,1400.4277306175586
2022-01-31 15:00:00,2246.75,2627.2736474849485,1481.1976493883249
2022-01-31 16:00:00,2531.5,2455.5436194510376,1500.5387758347238
2022-01-31 17:00:00,3495.75,2290.2960505841193,1575.3914856111169
2022-01-31 18:00:00,4735.0,2145.71282453609,1683.8624915762662
2022-01-31 19:00:00,5559.0,2108.4871393927215,1795.456272964025
2022-01-31 20:00:00,6065.25,2128.7409417459035,1854.2083003912746
2022-01-31 21:00:00,5858.75,2213.4015987511434,1856.7029909932974
2022-01-31 22:00:00,5952.25,2400.988245708117,1848.1562269633382
2022-01-31 23:00:00,5088.75,2670.5191111588624,1836.8451217172283
2022-02-01 00:00:00,4817.0,2884.3649716119417,1869.8150879949762
2022-02-01 01:00:00,4439.5,2993.526980171162,1883.005607911261
2022-02-01 02:00:00,4011.25,2986.8855126490016,1888.098970672735
2022-02-01 03:00:00,4773.5,2964.1693285000465,1871.9773534946116
2022-02-01 04:00:00,5310.5,2912.5476977577296,1764.5532673356747
2022-02-01 05:00:00,5478.75,2926.766971419867,1549.8865413739343
2022-02-01 06:00:00,5193.0,2958.7495587198223,1186.8945683225072
2022-02-01 07:00:00,5486.25,3000.2224367456965,884.5639590666732
2022-02-01 08:00:00,5215.25,3001.5219499081873,684.0209554760124
2022-02-01 09:00:00,4818.25,2973.73748400647,609.1428355125588
2022-02-01 10:00:00,3646.0,2949.2110510873217,673.3919372484457
2022-02-01 11:00:00,3588.5,2872.8526030390312,852.1448065082488
2022-02-01 12:00:00,4597.0,2859.2413991140984,1097.070029006492
2022-02-01 13:00:00,4462.5,2829.6934347340666,1274.2561520804982
2022-02-01 14:00:00,4486.25,2767.4247970224396,1400.4277306175586
2022-02-01 15:00:00,4727.75,2647.6777076045923,1481.1976493883249
2022-02-01 16:00:00,5200.5,2475.9476795706814,1500.5387758347238
2022-02-01 17:00:00,5358.0,2310.700110703763,1575.3914856111169
2022-02-01 18:00:00,5356.0,2166.116884655734,1683.8624915762662
2022-02-01 19:00:00,5015.5,2128.8911995123653,1795.456272964025
2022-02-01 20:00:00,3883.0,2149.1450018655473,1854.2083003912746
2022-02-01 21:00:00,3417.0,2233.8056588707873,1856.7029909932974
2022-02-01 22:00:00,2906.75,2421.392305827761,1848.1562269633382
2022-02-01 23:00:00,5238.0,2690.9231712785063,1836.8451217172283
2022-02-02 00:00:00,4859.75,2904.7690317315855,1869.8150879949762
2022-02-02 01:00:00,5168.5,3013.931040290806,1883.005607911261
2022-02-02 02:00:00,4658.25,3007.2895727686455,1888.098970672735
2022-02-02 03:00:00,4350.25,2984.5733886196904,1871.9773534946116
2022-02-02 04:00:00,4578.25,2932.9517578773734,1764.5532673356747
2022-02-02 05:00:00,5071.5,2947.1710315395108,1549.8865413739343
2022-02-02 06:00:00,4990.0,2979.153618839466,1186.8945683225072
2022-02-02 07:00:00,4498.0,3020.6264968653404,884.5639590666732
2022-02-02 08:00:00,4471.75,3021.926010027831,684.0209554760124
2022-02-02 09:00:00,4954.5,2994.141544126114,609.1428355125588
2022-02-02 10:00:00,4566.75,2969.6151112069656,673.3919372484457
2022-02-02 11:00:00,4287.75,2893.256663158675,852.1448065082488
2022-02-02 12:00:00,3816.0,2879.6454592337423,1097.070029006492
2022-02-02 13:00:00,3411.0,2850.0974948537105,1274.2561520804982
2022-02-02 14:00:00,2814.5,2787.8288571420835,1400.4277306175586
2022-02-02 15:00:00,2221.75,2668.081767724236,1481.1976493883249
2022-02-02 16:00:00,1789.0,2496.3517396903253,1500.5387758347238
2022-02-02 17:00:00,2252.75,2331.104170823407,1575.3914856111169
2022-02-02 18:00:00,2475.5,2186.5209447753778,1683.8624915762662
2022-02-02 19:00:00,2678.25,2149.295259632009,1795.456272964025
2022-02-02 20:00:00,2807.25,2169.549061985191,1854.2083003912746
2022-02-02 21:00:00,3163.75,2254.209718990431,1856.7029909932974
2022-02-02 22:00:00,2886.25,2441.796365947405,1848.1562269633382
2022-02-02 23:00:00,2542.5,2711.32723139815,1836.8451217172283
2022-02-03 00:00:00,2413.75,2925.1730918512294,1869.8150879949762
2022-02-03 01:00:00,2926.25,3034.3351004104497,1883.005607911261
2022-02-03 02:00:00,3877.75,3027.6936328882894,1888.098970672735
2022-02-03 03:00:00,4306.25,3004.9774487393342,1871.9773534946116
2022-02-03 04:00:00,4327.5,2953.3558179970173,1764.5532673356747
2022-02-03 05:00:00,4841.5,2967.5750916591546,1549.8865413739343
2022-02-03 06:00:00,5537.5,2999.55767895911,1186.8945683225072
2022-02-03 07:00:00,5539.5,3041.0305569849843,884.5639590666732
2022-02-03 08:00:00,5031.25,3042.330070147475,684.0209554760124
2022-02-03 09:00:00,5235.0,3014.5456042457577,609.1428355125588
2022-02-03 10:00:00,5103.0,2990.0191713266095,673.3919372484457
2022-02-03 11:00:00,5165.75,2913.660723278319,852.1448065082488
2022-02-03 12:00:00,4877.25,2900.049519353386,1097.070029006492
2022-02-03 13:00:00,4600.5,2870.5015549733544,1274.2561520804982
2022-02-03 14:00:00,4684.0,2808.2329172617274,1400.4277306175586
2022-02-03 15:00:00,4524.0,2688.48582784388,1481.1976493883249
2022-02-03 16:00:00,4390.25,2516.755799809969,1500.5387758347238
2022-02-03 17:00:00,4553.0,2351.508230943051,1575.3914856111169
2022-02-03 18:00:00,4623.25,2206.9250048950216,1683.8624915762662
2022-02-03 19:00:00,4626.75,2169.699319751653,1795.456272964025
2022-02-03 20:00:00,4492.25,2189.953122104835,1854.2083003912746
2022-02-03 21:00:00,4921.25,2274.613779110075,1856.7029909932974
2022-02-03 22:00:00,5520.0,2462.2004260670487,1848.1562269633382
2022-02-03 23:00:00,5431.0,2731.731291517794,1836.8451217172283
2022-02-04 00:00:00,5768.5,2945.5771519708733,1869.8150879949762
2022-02-04 01:00:00,5715.5,3054.7391605300936,1883.005607911261
2022-02-04 02:00:00,5609.0,3048.0976930079332,1888.098970672735
2022-02-04 03:00:00,5269.5,3025.381508858978,1871.9773534946116
2022-02-04 04:00:00,5144.5,2973.759878116661,1764.5532673356747
2022-02-04 05:00:00,5498.5,2987.9791517787985,1549.8865413739343
2022-02-04 06:00:00,5699.75,3019.961739078754,1186.8945683225072
2022-02-04 07:00:00,5585.5,3061.434617104628,884.5639590666732
2022-02-04 08:00:00,5228.0,3062.734130267119,684.0209554760124
2022-02-04 09:00:00,4113.75,3034.9496643654015,609.1428355125588
2022-02-04 10:00:00,4197.75,3010.4232314462533,673.3919372484457
2022-02-04 11:00:00,4109.75,2934.064783397963,852.1448065082488
2022-02-04 12:00:00,4300.5,2920.45357947303,1097.070029006492
2022-02-04 13:00:00,3874.5,2890.9056150929982,1274.2561520804982
2022-02-04 14:00:00,3547.5,2828.6369773813713,1400.4277306175586
2022-02-04 15:00:00,3696.0,2708.889887963524,1481.1976493883249
2022-02-04 16:00:00,4975.75,2537.159859929613,1500.5387758347238
2022-02-04 17:00:00,5775.0,2371.9122910626947,1575.3914856111169
2022-02-04 18:00:00,5789.25,2227.3290650146655,1683.8624915762662
2022-02-04 19:00:00,5642.0,2190.103379871297,1795.456272964025
2022-02-04 20:00:00,4971.0,2210.357182224479,1854.2083003912746
2022-02-04 21:00:00,5067.0,2295.017839229719,1856.7029909932974
2022-02-04 22:00:00,5195.5,2482.6044861866926,1848.1562269633382
2022-02-04 23:00:00,4820.25,2752.135351637438,1836.8451217172283
2022-02-05 00:00:00,4730.25,2965.981212090517,1869.8150879949762
2022-02-05 01:00:00,4927.25,3075.1432206497375,1883.005607911261
2022-02-05 02:00:00,4613.25,3068.501753127577,1888.098970672735
2022-02-05 03:00:00,5034.5,3045.785568978622,1871.9773534946116
2022-02-05 04:00:00,5252.0,2994.163938236305,1764.5532673356747
2022-02-05 05:00:00,4999.0,3008.3832118984424,1549.8865413739343
2022-02-05 06:00:00,5892.0,3040.365799198398,1186.8945683225072
2022-02-05 07:00:00,5817.0,3081.838677224272,884.5639590666732
2022-02-05 08:00:00,5602.0,3083.1381903867627,684.0209554760124
2022-02-05 09:00:00,5423.25,3055.3537244850454,609.1428355125588
2022-02-05 10:00:00,5492.25,3030.827291565897,673.3919372484457
2022-02-05 11:00:00,4744.5,2954.4688435176067,852.1448065082488
2022-02-05 12:00:00,4638.25,2940.857639592674,1097.070029006492
2022-02-05 13:00:00,4892.75,2911.309675212642,1274.2561520804982
2022-02-05 14:00:00,5167.75,2849.041037501015,1400.4277306175586
2022-02-05 15:00:00,5557.25,2729.293948083168,1481.1976493883249
2022-02-05 16:00:00,5706.5,2557.563920049257,1500.5387758347238
2022-02-05 17:00:00,5799.0,2392.3163511823386,1575.3914856111169
2022-02-05 18:00:00,5430.75,2247.7331251343094,1683.8624915762662
2022-02-05 19:00:00,4878.0,2210.507439990941,1795.456272964025
2022-02-05 20:00:00,4024.5,2230.761242344123,1854.2083003912746
2022-02-05 21:00:00,4325.25,2315.421899349363,1856.7029909932974
2022-02-05 22:00:00,4168.0,2503.0085463063365,1848.1562269633382
2022-02-05 23:00:00,4698.75,2772.539411757082,1836.8451217172283
2022-02-06 00:00:00,4632.75,2986.385272210161,1869.8150879949762
2022-02-06 01:00:00,4340.75,3095.5472807693814,1883.005607911261
2022-02-06 02:00:00,4119.0,3088.905813247221,1888.098970672735
2022-02-06 03:00:00,3848.5,3066.189629098266,1871.9773534946116
2022-02-06 04:00:00,3616.25,3014.567998355949,1764.5532673356747
2022-02-06 05:00:00,3736.5,3028.7872720180862,1549.8865413739343
2022-02-06 06:00:00,3605.75,3060.7698593180417,1186.8945683225072
2022-02-06 07:00:00,4300.75,3102.242737343916,884.5639590666732
2022-02-06 08:00:00,4063.5,3103.5422505064066,684.0209554760124
2022-02-06 09:00:00,4223.5,3075.7577846046893,609.1428355125588
2022-02-06 10:00:00,3912.5,3051.231351685541,673.3919372484457
2022-02-06 11:00:00,3649.5,2974.8729036372506,852.1448065082488
2022-02-06 12:00:00,3617.0,2961.2616997123177,1097.070029006492
2022-02-06 13:00:00,3761.0,2931.713735332286,1274.2561520804982
2022-02-06 14:00:00,4181.75,2869.445097620659,1400.4277306175586
2022-02-06 15:00:00,4513.75,2749.6980082028117,1481.1976493883249
2022-02-06 16:00:00,5141.75,2577.967980168901,1500.5387758347238
2022-02-06 17:00:00,5025.5,2412.7204113019825,1575.3914856111169
2022-02-06 18:00:00,4648.25,2268.1371852539532,1683.8624915762662
2022-02-06 19:00:00,4101.5,2230.9115001105847,1795.456272964025
2022-02-06 20:00:00,3633.75,2251.1653024637667,1854.2083003912746
2022-02-06 21:00:00,4684.75,2335.8259594690066,1856.7029909932974
2022-02-06 22:00:00,4544.0,2523.4126064259804,1848.1562269633382
2022-02-06 23:00:00,4978.0,2792.9434718767257,1836.8451217172283
2022-02-07 00:00:00,5464.0,3006.789332329805,1869.8150879949762
2022-02-07 01:00:00,5049.5,3115.9513408890252,1883.005607911261
2022-02-07 02:00:00,5489.25,3109.309873366865,1888.098970672735
2022-02-07 03:00:00,5475.25,3086.5936892179097,1871.9773534946116
2022-02-07 04:00:00,5027.25,3034.972058475593,1764.5532673356747
2022-02-07 05:00:00,4751.75,3049.19133213773,1549.8865413739343
2022-02-07 06:00:00,4984.25,3081.1739194376855,1186.8945683225072
2022-02-07 07:00:00,4508.5,3122.64679746356,884.5639590666732
2022-02-07 08:00:00,4368.5,3123.9463106260505,684.0209554760124
2022-02-07 09:00:00,3932.0,3096.161844724333,609.1428355125588
2022-02-07 10:00:00,3442.75,3071.635411805185,673.3919372484457
2022-02-07 11:00:00,3232.5,2995.2769637568945,852.1448065082488
2022-02-07 12:00:00,2920.25,2981.6657598319616,1097.070029006492
2022-02-07 13:00:00,3166.5,2952.11779545193,1274.2561520804982
2022-02-07 14:00:00,2951.5,2889.849157740303,1400.4277306175586
2022-02-07 15:00:00,3766.75,2770.1020683224556,1481.1976493883249
2022-02-07 16:00:00,3949.25,2598.3720402885447,1500.5387758347238
2022-02-07 17:00:00,4496.75,2433.1244714216264,1575.3914856111169
2022-02-07 18:00:00,4425.0,2288.541245373597,1683.8624915762662
2022-02-07 19:00:00,4673.25,2251.3155602302286,1795.456272964025
2022-02-07 20:00:00,5425.0,2271.5693625834106,1854.2083003912746
2022-02-07 21:00:00,6301.5,2356.2300195886505,1856.7029909932974
2022-02-07 22:00:00,5485.5,2543.8166665456242,1848.1562269633382
2022-02-07 23:00:00,5994.0,2813.3475319963695,1836.8451217172283
2022-02-08 00:00:00,5790.0,3027.1933924494488,1869.8150879949762
2022-02-08 01:00:00,5992.25,3136.355401008669,1883.005607911261
2022-02-08 02:00:00,5811.75,3129.7139334865087,1888.098970672735
2022-02-08 03:00:00,5814.75,3106.9977493375536,1871.9773534946116
2022-02-08 04:00:00,5449.75,3055.3761185952367,1764.5532673356747
2022-02-08 05:00:00,4954.0,3069.595392257374,1549.8865413739343
2022-02-08 06:00:00,4933.5,3101.5779795573294,1186.8945683225072
2022-02-08 07:00:00,4458.25,3143.0508575832037,884.5639590666732
2022-02-08 08:00:00,4400.5,3144.3503707456944,684.0209554760124
2022-02-08 09:00:00,4291.25,3116.565904843977,609.1428355125588
2022-02-08 10:00:00,4194.5,3092.039471924829,673.3919372484457
2022-02-08 11:00:00,4548.75,3015.6810238765383,852.1448065082488
2022-02-08 12:00:00,4706.25,3002.0698199516055,1097.070029006492
2022-02-08 13:00:00,4688.0,2972.5218555715737,1274.2561520804982
2022-02-08 14:00:00,4541.25,2910.2532178599467,1400.4277306175586
2022-02-08 15:00:00,4119.25,2790.5061284420995,1481.1976493883249
2022-02-08 16:00:00,4205.0,2618.7761004081885,1500.5387758347238
2022-02-08 17:00:00,5305.5,2453.5285315412702,1575.3914856111169
2022-02-08 18:00:00,5302.5,2308.945305493241,1683.8624915762662
2022-02-08 19:00:00,5471.0,2271.7196203498725,1795.456272964025
2022-02-08 20:00:00,5467.25,2291.9734227030544,1854.2083003912746
2022-02-08 21:00:00,5759.75,2376.6340797082944,1856.7029909932974
2022-02-08 22:00:00,6059.75,2564.220726665268,1848.1562269633382
2022-02-08 23:00:00,5822.75,2833.7515921160134,1836.8451217172283
